CREATE DATABASE  IF NOT EXISTS `smsc_bd` /*!40100 DEFAULT CHARACTER SET utf8 */;
USE `smsc_bd`;
-- MySQL dump 10.13  Distrib 5.6.17, for Win32 (x86)
--
-- Host: localhost    Database: smsc_bd
-- ------------------------------------------------------
-- Server version	5.6.20

/*!40101 SET @OLD_CHARACTER_SET_CLIENT=@@CHARACTER_SET_CLIENT */;
/*!40101 SET @OLD_CHARACTER_SET_RESULTS=@@CHARACTER_SET_RESULTS */;
/*!40101 SET @OLD_COLLATION_CONNECTION=@@COLLATION_CONNECTION */;
/*!40101 SET NAMES utf8 */;
/*!40103 SET @OLD_TIME_ZONE=@@TIME_ZONE */;
/*!40103 SET TIME_ZONE='+00:00' */;
/*!40014 SET @OLD_UNIQUE_CHECKS=@@UNIQUE_CHECKS, UNIQUE_CHECKS=0 */;
/*!40014 SET @OLD_FOREIGN_KEY_CHECKS=@@FOREIGN_KEY_CHECKS, FOREIGN_KEY_CHECKS=0 */;
/*!40101 SET @OLD_SQL_MODE=@@SQL_MODE, SQL_MODE='NO_AUTO_VALUE_ON_ZERO' */;
/*!40111 SET @OLD_SQL_NOTES=@@SQL_NOTES, SQL_NOTES=0 */;

--
-- Table structure for table `departamento`
--

DROP TABLE IF EXISTS `departamento`;
/*!40101 SET @saved_cs_client     = @@character_set_client */;
/*!40101 SET character_set_client = utf8 */;
CREATE TABLE `departamento` (
  `id_departamento` int(11) NOT NULL,
  `nombre` varchar(45) NOT NULL,
  PRIMARY KEY (`id_departamento`)
) ENGINE=InnoDB DEFAULT CHARSET=utf8;
/*!40101 SET character_set_client = @saved_cs_client */;

--
-- Dumping data for table `departamento`
--

LOCK TABLES `departamento` WRITE;
/*!40000 ALTER TABLE `departamento` DISABLE KEYS */;
INSERT INTO `departamento` VALUES (1,'Amazonas'),(2,'Ancash'),(3,'Apurimac'),(4,'Arequipa'),(5,'Ayacucho'),(6,'Cajamarca'),(7,'Cusco'),(8,'Huancavelica'),(9,'Huanuco'),(10,'Ica'),(11,'Juní'),(12,'La Libertad'),(13,'Lambayeque'),(14,'Lima'),(15,'Prov. Const. del   Callao'),(16,'Loreto'),(17,'Madre de Dios'),(18,'Moquegua'),(19,'Pasco'),(20,'Piura'),(21,'Puno'),(22,'San Martí'),(23,'Tacna'),(24,'Tumbes'),(25,'Ucayali');
/*!40000 ALTER TABLE `departamento` ENABLE KEYS */;
UNLOCK TABLES;

--
-- Table structure for table `provincia`
--

DROP TABLE IF EXISTS `provincia`;
/*!40101 SET @saved_cs_client     = @@character_set_client */;
/*!40101 SET character_set_client = utf8 */;
CREATE TABLE `provincia` (
  `id_provincia` int(11) NOT NULL,
  `nombre` varchar(45) NOT NULL,
  `id_departamento` int(11) NOT NULL,
  PRIMARY KEY (`id_provincia`),
  KEY `fk_provincia_departamento1_idx` (`id_departamento`),
  CONSTRAINT `fk_provincia_departamento1` FOREIGN KEY (`id_departamento`) REFERENCES `departamento` (`id_departamento`) ON DELETE NO ACTION ON UPDATE CASCADE
) ENGINE=InnoDB DEFAULT CHARSET=utf8;
/*!40101 SET character_set_client = @saved_cs_client */;

--
-- Dumping data for table `provincia`
--

LOCK TABLES `provincia` WRITE;
/*!40000 ALTER TABLE `provincia` DISABLE KEYS */;
INSERT INTO `provincia` VALUES (1,'Bagua',1),(2,'Bongará',1),(3,'Condorcanqui',1),(4,'Chachapoyas',1),(5,'Luya',1),(6,'Rodríguez de Mendoza',1),(7,'Utcubamba',1),(8,'Aija',2),(9,'Antonio Raymondi',2),(10,'Asunció',2),(11,'Bolognesi',2),(12,'Casma',2),(13,'Carhuaz',2),(14,'Carlos Fitzcarrald',2),(15,'Corongo',2),(16,'Huaraz',2),(17,'Huari',2),(18,'Huarmey',2),(19,'Huaylas',2),(20,'Mariscal Luzuriaga',2),(21,'Ocros',2),(22,'Pallasca',2),(23,'Pomabamba',2),(24,'Recuay',2),(25,'Santa',2),(26,'Sihuas',2),(27,'Yungay',2),(28,'Abancay',3),(29,'Andahuaylas',3),(30,'Antabamba',3),(31,'Aymaraes',3),(32,'Cotabambas',3),(33,'Chincheros',3),(34,'Grau',3),(35,'Arequipa',4),(36,'Caylloma',4),(37,'Camaná',4),(38,'Caravelí',4),(39,'Castilla',4),(40,'Condesuyos',4),(41,'Islay',4),(42,'La Unió',4),(43,'Cangallo',5),(44,'Huamanga',5),(45,'Huanca Sancos',5),(46,'Huanta',5),(47,'La Mar',5),(48,'Lucanas',5),(49,'Parinacochas',5),(50,'Paucar del SaraSara',5),(51,'Sucre',5),(52,'Víctor Fajardo',5),(53,'Vilcashuamá',5),(54,'Cajabamba',6),(55,'Cajamarca',6),(56,'Celendí',6),(57,'Contumazá',6),(58,'Cutervo',6),(59,'Chota',6),(60,'Hualgayoc',6),(61,'Jaé',6),(62,'San Ignacio',6),(63,'San Marcos',6),(64,'San Miguel',6),(65,'San Pablo',6),(66,'Santa Cruz',6),(67,'Acomayo',7),(68,'Anta',7),(69,'Calca',7),(70,'Canas',7),(71,'Canchis',7),(72,'Cuzco',7),(73,'Chumbivilca',7),(74,'Espinar',7),(75,'La Convenció',7),(76,'Paruro',7),(77,'Paucartambo',7),(78,'Quispicanchis',7),(79,'Urubamba',7),(80,'Acobamba',8),(81,'Angaraes',8),(82,'Castrovirreyna',8),(83,'Churcampa',8),(84,'Huancavelica',8),(85,'Huaytará',8),(86,'Tayacaja',8),(87,'Ambo',9),(88,'Dos de Mayo',9),(89,'Huacaybamba',9),(90,'Huamalíes',9),(91,'Huánuco',9),(92,'Leoncio Prado',9),(93,'Maraño',9),(94,'Pachitea',9),(95,'Puerto Inca',9),(96,'Yarowilca',9),(97,'Lauricocha',9),(98,'Chincha',10),(99,'Ica',10),(100,'Nazca',10),(101,'Palpa',10),(102,'Pisco',10),(103,'Concepció',11),(104,'Chanchamayo',11),(105,'Chupaca',11),(106,'Huancayo',11),(107,'Jauja',11),(108,'Juní',11),(109,'Satipo',11),(110,'Tarma',11),(111,'Yauli',11),(112,'Ascope',12),(113,'Bolívar',12),(114,'Chepé',12),(115,'Gran Chimú',12),(116,'Julcá',12),(117,'Otuzco',12),(118,'Pacasmayo',12),(119,'Pataz',12),(120,'Sánchez Carrió',12),(121,'Santiago de Chuco',12),(122,'Trujillo',12),(123,'Virú',12),(124,'Chiclayo',13),(125,'Ferreñafe',13),(126,'Lambayeque',13),(127,'Barranca',14),(128,'Cajatambo',14),(129,'Canta',14),(130,'Cañete',14),(131,'Huaral',14),(132,'Huarochirí',14),(133,'Huaura',14),(134,'Lima',14),(135,'Oyó',14),(136,'Yauyos',14),(137,'Prov. Const. Callao',15),(138,'Alto Amazonas',16),(139,'Loreto',16),(140,'Mariscal Castilla',16),(141,'Maynas',16),(142,'Requena',16),(143,'Ucayali',16),(144,'Manu',17),(145,'Tahuamanu',17),(146,'Tambopata',17),(147,'Ilo',18),(148,'Mariscal Nieto',18),(149,'Sánchez Cerro',18),(150,'Daniel Alcides Carrió',19),(151,'Oxapampa',19),(152,'Pasco',19),(153,'Ayabaca',20),(154,'Huancabamba',20),(155,'Morropó',20),(156,'Paita',20),(157,'Piura',20),(158,'Sechura',20),(159,'Sullana',20),(160,'Talara',20),(161,'Azángaro',21),(162,'Carabaya',21),(163,'Chucuito',21),(164,'El Collao',21),(165,'Huancané',21),(166,'Lampa',21),(167,'Melgar',21),(168,'Moho',21),(169,'San Antonio de Putina',21),(170,'San Romá',21),(171,'Sandia',21),(172,'Puno',21),(173,'Yunguyo',21),(174,'Bellavista',22),(175,'El Dorado',22),(176,'Huallaga',22),(177,'Lamas',22),(178,'Mariscal Cáceres',22),(179,'Moyobamba',22),(180,'Picota',22),(181,'Rioja',22),(182,'San Martí',22),(183,'Tocache',22),(184,'Candarave',23),(185,'Jorge Basadre',23),(186,'Tacna',23),(187,'Tarata',23),(188,'Contralmirante Villar',24),(189,'Tumbes',24),(190,'Zarumilla',24),(191,'Atalaya',25),(192,'Coronel Portillo',25),(193,'Padre Abad',25),(194,'Purús',25);
/*!40000 ALTER TABLE `provincia` ENABLE KEYS */;
UNLOCK TABLES;

--
-- Table structure for table `distrito`
--

DROP TABLE IF EXISTS `distrito`;
/*!40101 SET @saved_cs_client     = @@character_set_client */;
/*!40101 SET character_set_client = utf8 */;
CREATE TABLE `distrito` (
  `id_distrito` int(11) NOT NULL,
  `nombre` varchar(45) NOT NULL,
  `id_provincia` int(11) NOT NULL,
  PRIMARY KEY (`id_distrito`),
  KEY `fk_distrito_provincia1_idx` (`id_provincia`),
  CONSTRAINT `fk_distrito_provincia1` FOREIGN KEY (`id_provincia`) REFERENCES `provincia` (`id_provincia`) ON DELETE NO ACTION ON UPDATE CASCADE
) ENGINE=InnoDB DEFAULT CHARSET=utf8;
/*!40101 SET character_set_client = @saved_cs_client */;

--
-- Dumping data for table `distrito`
--

LOCK TABLES `distrito` WRITE;
/*!40000 ALTER TABLE `distrito` DISABLE KEYS */;
INSERT INTO `distrito` VALUES (1,'Bagua',1),(2,'La Peca',1),(3,'Aramango',1),(4,'Copalli',1),(5,'El Parco',1),(6,'Imaza',1),(7,'Corosha',2),(8,'Cuispes',2),(9,'Chisquilla',2),(10,'Churuja',2),(11,'Florida',2),(12,'Jazá',2),(13,'Recta',2),(14,'San Carlos',2),(15,'Shipasbamba',2),(16,'Valera',2),(17,'Yambrasbamba',2),(18,'El Cenepa',3),(19,'Nieva',3),(20,'Río Santiago',3),(21,'Chachapoyas',4),(22,'Asunció',4),(23,'Balsas',4),(24,'Cheto',4),(25,'Chiliquí',4),(26,'Chuquibamba',4),(27,'Granada',4),(28,'Huancas',4),(29,'La Jalca',4),(30,'Leymebamba',4),(31,'Levanto',4),(32,'Magdalena',4),(33,'Mariscal Castilla',4),(34,'Molinopampa',4),(35,'Montevideo',4),(36,'Olleros',4),(37,'Quinjalca',4),(38,'San Francisco de Daguas',4),(39,'San Isidro de Maino',4),(40,'Soloco',4),(41,'Sonche',4),(42,'Camporredondo',5),(43,'Cocabamba',5),(44,'Colcamar',5),(45,'Conila',5),(46,'Inguilpata',5),(47,'Lámud',5),(48,'Longuita',5),(49,'Lonya Chico',5),(50,'Luya',5),(51,'Luya Viejo',5),(52,'María',5),(53,'Ocalli',5),(54,'Ocumal',5),(55,'Pisuquía',5),(56,'Providencia',5),(57,'San Cristóbal',5),(58,'San Francisco del Yeso',5),(59,'San Jerónimo',5),(60,'San Juan de Lopecancha',5),(61,'Santa Catalina',5),(62,'Santo Tomás',5),(63,'Tingo',5),(64,'Trita',5),(65,'Chirimoto',6),(66,'Cochamal',6),(67,'Huambo',6),(68,'Limabamba',6),(69,'Longar',6),(70,'Mariscal Benavides',6),(71,'Milpuc',6),(72,'Omia',6),(73,'San Nicolás',6),(74,'Santa Rosa',6),(75,'Totora',6),(76,'Vista Alegre',6),(77,'Bagua Grande',7),(78,'Cajaruro',7),(79,'Cumba',7),(80,'El Milagro',7),(81,'Jamalca',7),(82,'Lonya Grande',7),(83,'Yamó',7),(84,'Aija',8),(85,'Coris',8),(86,'Huacllá',8),(87,'La Merced',8),(88,'Succha',8),(89,'Llamellí',9),(90,'Aczo',9),(91,'Chaccho',9),(92,'Chingas',9),(93,'Mirgas',9),(94,'San Juan de Rontoy',9),(95,'Chacas',10),(96,'Acochaca',10),(97,'Abelardo Pardo Lezameta',11),(98,'Antonio Raymondi',11),(99,'Aquia',11),(100,'Canis',11),(101,'Colquioc',11),(102,'Cajacay',11),(103,'Chiquiá',11),(104,'Huallanca',11),(105,'Huasta',11),(106,'Huayllacayá',11),(107,'La Primavera',11),(108,'Mangas',11),(109,'Paclló',11),(110,'San Miguel de Corpanqui',11),(111,'Ticllos',11),(112,'Casma',12),(113,'Buena Vista Alta',12),(114,'Comandante Noel',12),(115,'Yautá',12),(116,'Carhuás',13),(117,'Acopampa',13),(118,'Amashca',13),(119,'Anta',13),(120,'Ataquero',13),(121,'Marcará',13),(122,'Pariahuanca',13),(123,'San Miguel de Aco',13),(124,'Shilla',13),(125,'Tinco',13),(126,'Yungar',13),(127,'San Luis',14),(128,'San Nicolás',14),(129,'Yauya',14),(130,'Aco',15),(131,'Bambas',15),(132,'Cusca',15),(133,'La Pampa',15),(134,'Yánac',15),(135,'Yupá',15),(136,'Cochabamba',16),(137,'Colcabamba',16),(138,'Huanchay',16),(139,'Independencia',16),(140,'Jangas',16),(141,'La Libertad',16),(142,'Olleros',16),(143,'Pampas',16),(144,'Pariacoto',16),(145,'Pira',16),(146,'Tarica',16),(147,'Huari',17),(148,'Anra',17),(149,'Cajay',17),(150,'Chavín de Huantar',17),(151,'Huacachi',17),(152,'Huacchis',17),(153,'Huachis',17),(154,'Huantar',17),(155,'Masi',17),(156,'Paucas',17),(157,'Pontó',17),(158,'Rahuapampa',17),(159,'Rapayá',17),(160,'San Marcos',17),(161,'San Pedro de Chaná',17),(162,'Uco',17),(163,'Huarmey',18),(164,'Cochapeti',18),(165,'Culebras',18),(166,'Huaya',18),(167,'Malvas',18),(168,'Caraz',19),(169,'Huallanca',19),(170,'Huata',19),(171,'Huaylas',19),(172,'Mato',19),(173,'Pamparomás',19),(174,'Pueblo Libre',19),(175,'Santa Cruz',19),(176,'Santo Toribio',19),(177,'Yuracmarca',19),(178,'Piscobamba',20),(179,'Casca',20),(180,'Eleazar Guzmán Barró',20),(181,'Fidel OIivas Escudero',20),(182,'Llama',20),(183,'Llumpa',20),(184,'Musga',20),(185,'Lucma',20),(186,'Ocros',21),(187,'Acas',21),(188,'Cajamarquilla',21),(189,'Carhuapamga',21),(190,'Cochas',21),(191,'Congas',21),(192,'Llipa',21),(193,'San Cristóbal de Rajá',21),(194,'San Pedro',21),(195,'Santiago de Chilcas',21),(196,'Cabana',22),(197,'Bolognesi',22),(198,'Conchucos',22),(199,'Huacaschuque',22),(200,'Huandoval',22),(201,'Lacabamba',22),(202,'Llapo',22),(203,'Pallasca',22),(204,'Pampas',22),(205,'Santa Rosa',22),(206,'Tauca',22),(207,'Pomabamba',23),(208,'Huayllá',23),(209,'Parobamba',23),(210,'Quinuabamba',23),(211,'Recuay',24),(212,'Catac',24),(213,'Cotaparaco',24),(214,'Huayllapampa',24),(215,'Llacllí',24),(216,'Marca',24),(217,'Pampas Chico',24),(218,'Pararí',24),(219,'Tapacocha',24),(220,'Ticapampa',24),(221,'Chimbote (cercado)',25),(222,'Cáceres del Perú',25),(223,'Coishco',25),(224,'Macate',25),(225,'Moro',25),(226,'Nepeña',25),(227,'Nuevo Chimbote',25),(228,'Samanco',25),(229,'Santa',25),(230,'Sihuas',26),(231,'Acobamba',26),(232,'Alfonso Ugarte',26),(233,'Cashapampa',26),(234,'Chingalpo',26),(235,'Huayllabamba',26),(236,'Quiches',26),(237,'Ragash',26),(238,'San Jua',26),(239,'Sicsibamba',26),(240,'Yungay',27),(241,'Cascapara',27),(242,'Mancos',27),(243,'Matacoto',27),(244,'Quillo',27),(245,'Ranrahirca',27),(246,'Shupluy',27),(247,'Yanama',27),(248,'Abancay',28),(249,'Chacoche',28),(250,'Circa',28),(251,'Curahuasi',28),(252,'Huanipaca',28),(253,'Lambrama',28),(254,'Pichirhua',28),(255,'San Pedro de Cachora',28),(256,'Tamburco',28),(257,'Andahuaylas',29),(258,'Andarapa',29),(259,'Chiara',29),(260,'Huancarama',29),(261,'Huancaray',29),(262,'Huayana',29),(263,'Kaquiabamba',29),(264,'Kishuara',29),(265,'Pacobamba',29),(266,'Pacucha',29),(267,'Pampachiri',29),(268,'Pomacocha',29),(269,'San Antonio de Cachi',29),(270,'San Jerónimo',29),(271,'San Miguel de Chaccrapampa',29),(272,'Santa María de Chicmo',29),(273,'Talavera de la Reyna',29),(274,'Tumay Huaraca ',29),(275,'Turpo',29),(276,'Antabamba',30),(277,'El Oro',30),(278,'Huaquirca',30),(279,'Juan Espinoza Medrano',30),(280,'Oropesa',30),(281,'Pachaconas',30),(282,'Sabaino',30),(283,'Chalhuanca',31),(284,'Capaya',31),(285,'Caraybamba',31),(286,'Chapimarca',31),(287,'Colcabamba',31),(288,'Cotaruse',31),(289,'Huayllu',31),(290,'Justo Apu Sahuaraura',31),(291,'Lucre',31),(292,'Pocohuanca',31),(293,'San Juan de Chacña',31),(294,'Sañayca',31),(295,'Soraya',31),(296,'Tapairihua',31),(297,'Tintay',31),(298,'Toraya',31),(299,'Yanaca',31),(300,'Tambobamba',32),(301,'Cotabambas',32),(302,'Coyllurqui',32),(303,'Haquira',32),(304,'Mara',32),(305,'Chalhuahuacho',32),(306,'Chincheros',33),(307,'Anco-Huallo',33),(308,'Cocharcas',33),(309,'Huaccana',33),(310,'Ocobamba',33),(311,'Ongoy',33),(312,'Uranmarca',33),(313,'Ranracancha',33),(314,'Chuquibambilla',34),(315,'Curpahuasi',34),(316,'Gamarra',34),(317,'Huayllati',34),(318,'Mamara',34),(319,'Micaela Bastidas',34),(320,'Pataypampa',34),(321,'Progreso',34),(322,'San Antonio',34),(323,'Santa Rosa',34),(324,'Turpay',34),(325,'Vilcabamba',34),(326,'Virundo',34),(327,'Curasco',34),(328,'Alto Selva Alegre',35),(329,'Arequipa',35),(330,'Cayma',35),(331,'Cerro Colorado',35),(332,'Characato',35),(333,'Chiguata',35),(334,'Jacobo Hunter',35),(335,'José Luis Bustamante y Rivero',35),(336,'La Joya',35),(337,'Mariano Melgar',35),(338,'Miraflores',35),(339,'Mollebaya',35),(340,'Paucarpata',35),(341,'Pocsi',35),(342,'Polobaya',35),(343,'Quequeña',35),(344,'Sabandía',35),(345,'Sachaca',35),(346,'San Juan de Siguas',35),(347,'San Juan de Tarucani',35),(348,'Santa Isabel de Siguas',35),(349,'Santa Rita de Siguas',35),(350,'Socabaya',35),(351,'Tiabaya',35),(352,'Uchumayo',35),(353,'Vitor',35),(354,'Yanahuara',35),(355,'Yarabamba',35),(356,'Yura',35),(357,'Achoma',36),(358,'Cabanaconde',36),(359,'Callalli',36),(360,'Caylloma',36),(361,'Chivay',36),(362,'Coporaque',36),(363,'Huambo',36),(364,'Huanca',36),(365,'Ichupampa',36),(366,'Lari',36),(367,'Lluta',36),(368,'Maca',36),(369,'Madrigal',36),(370,'San Antonio de Chuca',36),(371,'Sibayo',36),(372,'Tapay',36),(373,'Tisco',36),(374,'Tuti',36),(375,'Yanque',36),(376,'Camaná',37),(377,'José María Quimper',37),(378,'Mariano Nicolás Valcarcel',37),(379,'Mariscal Cáceres',37),(380,'Nicolás de Piérola',37),(381,'Ocoña',37),(382,'Quilca',37),(383,'Samuel Pastor',37),(384,'Caravelí',38),(385,'Acarí',38),(386,'Atico',38),(387,'Atiquipa',38),(388,'Bella Unió',38),(389,'Cahuacho',38),(390,'Chala',38),(391,'Chaparra',38),(392,'Huanuhuanu',38),(393,'Jaqui',38),(394,'Lomas',38),(395,'Quicacha',38),(396,'Yauca',38),(397,'Aplao',39),(398,'Andahua',39),(399,'Ayo',39),(400,'Chachas',39),(401,'Chilcaymarca',39),(402,'Choco',39),(403,'Huancarqui',39),(404,'Machaguay',39),(405,'Orcopampa',39),(406,'Pampacolca',39),(407,'Tipá',39),(408,'Uñó',39),(409,'Uraca',39),(410,'Viraco',39),(411,'Chuquibamba',40),(412,'Andaray',40),(413,'Cayarani',40),(414,'Chichas',40),(415,'Iray',40),(416,'Río Grande',40),(417,'Salamanca',40),(418,'Yanaquihua - Ispacas',40),(419,'Mollendo',41),(420,'Cocachacra',41),(421,'Deán Valdivia',41),(422,'Islay',41),(423,'Mejía',41),(424,'Punta de Bombó',41),(425,'Alca',42),(426,'Charcana',42),(427,'Huaynacotas',42),(428,'Pampamarca',42),(429,'Puyca',42),(430,'Quechualla',42),(431,'Sayla',42),(432,'Tauría',42),(433,'Tomepampa',42),(434,'Toro',42),(435,'Cangallo',43),(436,'Chuschi',43),(437,'Los Morochucos',43),(438,'María Parado de Bellido',43),(439,'Paras',43),(440,'Totos',43),(441,'Ayacucho',44),(442,'Acocro',44),(443,'Acos Vinchos',44),(444,'Carmen Alto',44),(445,'Chiara',44),(446,'Jesús Nazareno',44),(447,'Ocros',44),(448,'Pacaycasa',44),(449,'Quinua',44),(450,'San José de Ticllas',44),(451,'San Juan Bautista',44),(452,'Santiago de Pischa',44),(453,'Socos',44),(454,'Tambillo',44),(455,'Vinchos',44),(456,'Carapo',45),(457,'Sacsamarca',45),(458,'Sancos',45),(459,'Santiago de Lucanamarca',45),(460,'Huanta',46),(461,'Ayahuanco',46),(462,'Huamanguilla',46),(463,'Iguai',46),(464,'Llochegua',46),(465,'Luricocha',46),(466,'Santillana',46),(467,'Sivia',46),(468,'San Miguel',47),(469,'Anco',47),(470,'Ayna',47),(471,'Chilcas',47),(472,'Chungui',47),(473,'Luis Carranza',47),(474,'San Francisco',47),(475,'Santa Rosa',47),(476,'Tambo',47),(477,'Samugari1',47),(478,'Puquio',48),(479,'Aucara',48),(480,'Cabana',48),(481,'Carmen Salcedo',48),(482,'Chaviña',48),(483,'Chipao',48),(484,'Huac-Huas',48),(485,'Laramate',48),(486,'Leoncio Prado',48),(487,'Llauta',48),(488,'Lucanas',48),(489,'Ocaña',48),(490,'Otoca',48),(491,'Saisa',48),(492,'San Cristóbal',48),(493,'San Jua',48),(494,'San Pedro',48),(495,'San Pedro de Palco',48),(496,'Sancos',48),(497,'Santa Ana de Huaycahuacho',48),(498,'Santa Lucía',48),(499,'Coracora',49),(500,'Chumpi',49),(501,'Coronel Castañeda',49),(502,'Pacapausa',49),(503,'Pullo',49),(504,'Puyusca',49),(505,'San Francisco de Ravacayco',49),(506,'Upahuacho',49),(507,'Pauza',50),(508,'Colta',50),(509,'Corculla',50),(510,'Lampa',50),(511,'Marcabamba',50),(512,'Oyolo',50),(513,'Pararca',50),(514,'San Javier de Alpabamba',50),(515,'San José de Ushua',50),(516,'Sara Sara',50),(517,'Querobamba',51),(518,'Belé',51),(519,'Chalcos',51),(520,'Chilcayoc',51),(521,'Huacaña',51),(522,'Morcolla',51),(523,'Paico',51),(524,'San Pedro de Larcay',51),(525,'San Salvador de Quije',51),(526,'Santiago de Paucaray',51),(527,'Soras',51),(528,'Huancapi',52),(529,'Alcamenca',52),(530,'Apongo',52),(531,'Asquipata',52),(532,'Canaria',52),(533,'Cayara',52),(534,'Colca',52),(535,'Huamanquiquia',52),(536,'Huaya',52),(537,'Sarhua',52),(538,'Vilcanchos',52),(539,'Vilcashuamá',53),(540,'Accomarca',53),(541,'Carhuanca',53),(542,'Concepció',53),(543,'Huambalpa',53),(544,'Independencia',53),(545,'Saurama',53),(546,'Vischongo',53),(547,'Cachachi',54),(548,'Cajabamba',54),(549,'Condebamba',54),(550,'Sitacocha',54),(551,'Cajamarca',55),(552,'Asunció',55),(553,'Chetilla',55),(554,'Cospá',55),(555,'Jesús',55),(556,'Llacanora',55),(557,'La Encañada',55),(558,'Los Baños del Inca',55),(559,'Magdalena',55),(560,'Matará',55),(561,'Namora',55),(562,'San Jua',55),(563,'Celendí',56),(564,'Chumuch',56),(565,'Cortegana',56),(566,'Huasmi',56),(567,'Jorge Chávez',56),(568,'José Gálvez',56),(569,'La Libertad de Pallá',56),(570,'Miguel Iglesias',56),(571,'Oxamarca',56),(572,'Sorochuco',56),(573,'Sucre',56),(574,'Utco',56),(575,'Contumazá',57),(576,'Chilete',57),(577,'Cupisnique',57),(578,'Guzmango',57),(579,'San Benito',57),(580,'Santa Cruz de Toledo',57),(581,'Tantarica',57),(582,'Yoná',57),(583,'Cutervo',58),(584,'Callayuc',58),(585,'Choros',58),(586,'Cujillo',58),(587,'La Ramada',58),(588,'Pimpingos',58),(589,'Querocotillo',58),(590,'San Andrés de Cutervo',58),(591,'San Juan de Cutervo',58),(592,'San Luis de Lucma',58),(593,'Santa Cruz',58),(594,'Santo Domingo de la Capilla',58),(595,'Santo Tomás',58),(596,'Socota',58),(597,'Toribio Casanova',58),(598,'Chota',59),(599,'Anguía',59),(600,'Chadí',59),(601,'Chalamarca',59),(602,'Chiguirip',59),(603,'Chimba',59),(604,'Choropampa',59),(605,'Cochabamba',59),(606,'Conchá',59),(607,'Huambos',59),(608,'Lajas',59),(609,'Llama',59),(610,'Miracosta',59),(611,'Paccha',59),(612,'Pio',59),(613,'Querocoto',59),(614,'San Juan de Licupis',59),(615,'Tacabamba',59),(616,'Tocmoche',59),(617,'Bambamarca',60),(618,'Chugur',60),(619,'Hualgayoc',60),(620,'Jaé',61),(621,'Bellavista',61),(622,'Chontalí',61),(623,'Colasay',61),(624,'Huabal',61),(625,'Las Pirias',61),(626,'Pomahuaca',61),(627,'Pucará',61),(628,'Sallique',61),(629,'San Felipe',61),(630,'San José del Alto',61),(631,'Santa Rosa',61),(632,'San Ignacio',62),(633,'Chirinos',62),(634,'Huarango',62),(635,'La Coipa',62),(636,'Namballe',62),(637,'San José de Lourdes',62),(638,'Tabaconas',62),(639,'Pedro Gálvez',63),(640,'Eduardo Villanueva',63),(641,'Gregorio Pita',63),(642,'Ichocá',63),(643,'Jose Manuel Quiroz',63),(644,'José Sabogal',63),(645,'Chancay',63),(646,'San Miguel',64),(647,'Bolívar',64),(648,'Calquis',64),(649,'Catilluc',64),(650,'El Prado',64),(651,'La Florida',64),(652,'Llapa',64),(653,'Nanchoc',64),(654,'Niepos',64),(655,'San Gregorio',64),(656,'San Silvestre de Conchá',64),(657,'Tongod',64),(658,'Unión Agua Blanca',64),(659,'San Pablo',65),(660,'San Bernardino',65),(661,'San Luis',65),(662,'Tumbade',65),(663,'Santa Cruz',66),(664,'Andabamba',66),(665,'Catache',66),(666,'Chancaybaños',66),(667,'La Esperanza',66),(668,'Ninabamba',66),(669,'Pulá',66),(670,'Saucepampa',66),(671,'Sexi',66),(672,'Uticyacu',66),(673,'Yauyuca',66),(674,'Udima',66),(675,'Acomayo',67),(676,'Acopia',67),(677,'Acos',67),(678,'Mosoc Llacta',67),(679,'Pomacanchi',67),(680,'Rondoca',67),(681,'Sangarará',67),(682,'Anta',68),(683,'Ancahuasi',68),(684,'Cachimayo',68),(685,'Chinchaypujio',68),(686,'Huarocondo',68),(687,'Limatambo',68),(688,'Mollepata',68),(689,'Pucyura',68),(690,'Zurite',68),(691,'Calca',69),(692,'Coya',69),(693,'Lamay',69),(694,'Lares',69),(695,'Pisac',69),(696,'San Salvador',69),(697,'Taray',69),(698,'Yanatile',69),(699,'Yanaoca',70),(700,'Checca',70),(701,'Kunturkanki',70),(702,'Langui',70),(703,'Layo',70),(704,'Pampamarca',70),(705,'Quehue',70),(706,'Túpac Amaru',70),(707,'Sicuani',71),(708,'Checacupe',71),(709,'Combapata',71),(710,'Marangani',71),(711,'Pitumarca',71),(712,'San Pablo',71),(713,'San Pedro',71),(714,'Tinta',71),(715,'Cuzco',72),(716,'Ccorca',72),(717,'Poroy',72),(718,'San Jerónimo',72),(719,'San Sebastiá',72),(720,'Santiago',72),(721,'Saylla',72),(722,'Wanchaq',72),(723,'Santo Tomás',73),(724,'Capacmarca',73),(725,'Chamaca',73),(726,'Colquemarca',73),(727,'Livitaca',73),(728,'Llusco',73),(729,'Quiñota',73),(730,'Velille',73),(731,'Yauri',74),(732,'Condoroma',74),(733,'Coporaque',74),(734,'Ocoruro',74),(735,'Pallpata',74),(736,'Pichigua',74),(737,'Suykutambo',74),(738,'Alto Pichigua',74),(739,'Santa Ana',75),(740,'Echarate',75),(741,'Huayopata',75),(742,'Kimbiri',75),(743,'Maranura',75),(744,'Ocobamba',75),(745,'Pichari',75),(746,'Quelloúno',75),(747,'Santa Teresa',75),(748,'Vilcabamba',75),(749,'Paruro',76),(750,'Accha',76),(751,'Ccapi',76),(752,'Colcha',76),(753,'Huanoquite',76),(754,'Omacha',76),(755,'Paccaritambo',76),(756,'Pillpinto',76),(757,'Yaurisque',76),(758,'Paucartambo',77),(759,'Caicay',77),(760,'Challabamba',77),(761,'Colquepata',77),(762,'Huancarani',77),(763,'Kosñipata',77),(764,'Andahuaylillas',78),(765,'Camanti',78),(766,'Ccarhuayo',78),(767,'Ccatca',78),(768,'Cusipata',78),(769,'Huaro',78),(770,'Lucre',78),(771,'Marcapata',78),(772,'Ocongate',78),(773,'Oropesa',78),(774,'Quiquijana',78),(775,'Urcos',78),(776,'Urubamba',79),(777,'Chinchero',79),(778,'Huayllabamba',79),(779,'Machupicchu',79),(780,'Maras',79),(781,'Ollantaytambo',79),(782,'Yucay',79),(783,'Acobamba',80),(784,'Andabamba',80),(785,'Anta',80),(786,'Caja',80),(787,'Marcas',80),(788,'Paucará',80),(789,'Pomacocha',80),(790,'Rosario',80),(791,'Lircay',81),(792,'Anchonga',81),(793,'Callanmarca',81),(794,'Ccochaccasa',81),(795,'Chincho',81),(796,'Congalla',81),(797,'Huanca-Huanca',81),(798,'Huayllay Grande',81),(799,'Julcamarca',81),(800,'San Antonio de Antaparco',81),(801,'Santo Tomás de Pata',81),(802,'Seclla',81),(803,'Castrovirreyna',82),(804,'Arma',82),(805,'Aurahuá',82),(806,'Capillas',82),(807,'Chupamarca',82),(808,'Cocas',82),(809,'Huachos',82),(810,'Huamatambo',82),(811,'Mollepampa',82),(812,'San Jua',82),(813,'Santa Ana',82),(814,'Tantara',82),(815,'Ticrapo',82),(816,'Churcampa',83),(817,'Anco',83),(818,'Chinchihuasi',83),(819,'Cosme1',83),(820,'El Carme',83),(821,'La Merced',83),(822,'Locroja',83),(823,'Pachamarca',83),(824,'Paucarbamba',83),(825,'San Miguel de Mayocc',83),(826,'San Pedro de Coris',83),(827,'Acobambilla',84),(828,'Acoria',84),(829,'Ascenció',84),(830,'Conayca',84),(831,'Cuenca',84),(832,'Huachocolpa',84),(833,'Huando',84),(834,'Huancavelica',84),(835,'Huayllahuara',84),(836,'Izcuchaca',84),(837,'Laria',84),(838,'Manta',84),(839,'Mariscal Cáceres',84),(840,'Moya',84),(841,'Nuevo Occoro',84),(842,'Palca',84),(843,'Pilchaca',84),(844,'Vilca',84),(845,'Yauli',84),(846,'Huaytará',85),(847,'Ayaví',85),(848,'Córdova',85),(849,'Huayacundo Arma',85),(850,'Laramarca',85),(851,'Ocoyo',85),(852,'Pilpichaca',85),(853,'Querco',85),(854,'Quito-Arma',85),(855,'San Antonio de Cusicancha',85),(856,'San Francisco de Sangayaico',85),(857,'San Isidro',85),(858,'Santiago de Chocorvos',85),(859,'Santiago de Quirahuara',85),(860,'Santo Domingo de Capillas',85),(861,'Tambo',85),(862,'Pampas',86),(863,'Acostambo',86),(864,'Acraquía',86),(865,'Ahuaycha',86),(866,'Colcabamba',86),(867,'Daniel Hernández',86),(868,'Huachocolpa',86),(869,'Huaribamba',86),(870,'Ñahuimpuquio',86),(871,'Pazos',86),(872,'Quishuar',86),(873,'Salcabamba',86),(874,'Salcahuasi',86),(875,'San Marcos de Rocchac',86),(876,'Surcubamba',86),(877,'Tintay Puncu',86),(878,'Ambo',87),(879,'Cayna',87),(880,'Colpas',87),(881,'Conchamarca',87),(882,'Huacar',87),(883,'San Francisco',87),(884,'San Rafael',87),(885,'Tomay Kichwa',87),(886,'La Unió',88),(887,'Chuquis',88),(888,'Marías',88),(889,'Pachas',88),(890,'Quivilla',88),(891,'Ripá',88),(892,'Shunqui',88),(893,'Sillapata',88),(894,'Yanas',88),(895,'Huacaybamba',89),(896,'Canchabamba',89),(897,'Cochabamba',89),(898,'Pinra',89),(899,'Llata',90),(900,'Arancay',90),(901,'Chavín de Pariarca',90),(902,'Jacas Grande',90),(903,'Jirca',90),(904,'Miraflores',90),(905,'Monzó',90),(906,'Punchao',90),(907,'Puños',90),(908,'Singa',90),(909,'Tantamayo',90),(910,'Huanuquito',90),(911,'Huánuco',91),(912,'Amarilis',91),(913,'Chinchao',91),(914,'Churumbamba',91),(915,'Margos',91),(916,'Pillco Marca',91),(917,'Quisqui (Kichki)',91),(918,'San Francisco de Cayrá',91),(919,'San Pedro de Chaulá',91),(920,'Santa María del Valle',91),(921,'Yarumayo',91),(922,'Yacus',91),(923,'Rupa-Rupa',92),(924,'Daniel Alomía Robles',92),(925,'Hermilio Valdizá',92),(926,'José Crespo y Castillo',92),(927,'Luyando',92),(928,'Mariano Dámaso Beraú',92),(929,'Huacrachuco',93),(930,'Choló',93),(931,'San Buenaventura',93),(932,'Panao',94),(933,'Chaglla',94),(934,'Molino',94),(935,'Umari',94),(936,'Puerto Inca',95),(937,'Codo del Pozuzo',95),(938,'Honoria',95),(939,'Tournavista',95),(940,'Yuyapichis',95),(941,'Chavinillo',96),(942,'Cahuac',96),(943,'Chacabamba',96),(944,'Aparicio Pomares',96),(945,'Jacas Chico',96),(946,'Obas',96),(947,'Pampamarca',96),(948,'Choras',96),(949,'Baños',97),(950,'Jesús',97),(951,'Jivia',97),(952,'Queropalca',97),(953,'Rondos',97),(954,'San Francisco de Asís',97),(955,'San Miguel de Cauri',97),(956,'Lichkacachka',97),(957,'Chincha Alta',98),(958,'Alto Lará',98),(959,'Chaví',98),(960,'Chincha Baja',98),(961,'El Carme',98),(962,'Grocio Prado',98),(963,'Pueblo Nuevo',98),(964,'San Juan de Yanac',98),(965,'San Pedro de Huacarpana',98),(966,'Sunampe',98),(967,'Tambo de Mora',98),(968,'Ica',99),(969,'La Tinguiña',99),(970,'Los Aquijes',99),(971,'Ocucaje',99),(972,'Pachacutec',99),(973,'Parcona',99),(974,'Pueblo Nuevo',99),(975,'Salas',99),(976,'San José de los Molinos',99),(977,'San Juan Bautista',99),(978,'Santiago',99),(979,'Subtanjalla',99),(980,'Tate',99),(981,'Yauca del Rosario',99),(982,'Nazca',100),(983,'Changuillo',100),(984,'El Ingenio',100),(985,'Marcona',100),(986,'Vista Alegre',100),(987,'Palpa',101),(988,'Llipata',101),(989,'Río Grande',101),(990,'Santa Cruz',101),(991,'Tibillo',101),(992,'Pisco',102),(993,'Huancano',102),(994,'Humay',102),(995,'Independencia',102),(996,'Paracas',102),(997,'San Andrés',102),(998,'San Clemente',102),(999,'Túpac Amaru Inca',102),(1000,'Concepció',103),(1001,'Aco',103),(1002,'Andamarca',103),(1003,'Chambara',103),(1004,'Cochas',103),(1005,'Comas',103),(1006,'Heroínas Toledo',103),(1007,'Manzanares',103),(1008,'Mariscal Castilla',103),(1009,'Matahuasi',103),(1010,'Mito',103),(1011,'Nueve de Julio',103),(1012,'Orcotuna',103),(1013,'San José de Quero',103),(1014,'Santa Rosa de Ocopa',103),(1015,'Chanchamayo',104),(1016,'San Luis de Shuaro',104),(1017,'Perené',104),(1018,'Pichanaqui',104),(1019,'San Ramó',104),(1020,'Vitoc',104),(1021,'Chupaca',105),(1022,'Ahuac',105),(1023,'Chongos Bajo',105),(1024,'Huachac',105),(1025,'Huamancaca Chico',105),(1026,'San Juan de Yscos',105),(1027,'San Juan de Jarpa',105),(1028,'Tres de Diciembre',105),(1029,'Yanacancha',105),(1030,'Huancayo',106),(1031,'Carhuacallanga',106),(1032,'Chacapampa',106),(1033,'Chicche',106),(1034,'Chilca',106),(1035,'Chongos Alto',106),(1036,'Chupuro',106),(1037,'Colca',106),(1038,'Cullhuas',106),(1039,'El Tambo',106),(1040,'Huacrapuquio',106),(1041,'Hualhuas',106),(1042,'Huancá',106),(1043,'Huasicancha',106),(1044,'Huayucachi',106),(1045,'Ingenio',106),(1046,'Pariahuanca',106),(1047,'Pilcomayo',106),(1048,'Pucará',106),(1049,'Qhichuay',106),(1050,'Quilcas',106),(1051,'San Agustín de Cajas',106),(1052,'San Jerónimo de Tuná',106),(1053,'San Pedro de Saño',106),(1054,'Santo Domingo de Acobamba',106),(1055,'Sapallanga',106),(1056,'Sicaya',106),(1057,'Viques',106),(1058,'Jauja',107),(1059,'Acolla',107),(1060,'Apata',107),(1061,'Ataura',107),(1062,'Canchayllo',107),(1063,'Curicaca',107),(1064,'El Mantaro',107),(1065,'Huamalí',107),(1066,'Huaripampa',107),(1067,'Huertas',107),(1068,'Janjaillo',107),(1069,'Julcá',107),(1070,'Leonor Ordóñez',107),(1071,'Llocllapampa',107),(1072,'Marco',107),(1073,'Masma',107),(1074,'Masma Chicche',107),(1075,'Molinos',107),(1076,'Monobamba',107),(1077,'Muqui',107),(1078,'Muquiyauyo',107),(1079,'Paca',107),(1080,'Paccha',107),(1081,'Pancá',107),(1082,'Parco',107),(1083,'Pomacancha',107),(1084,'Ricrá',107),(1085,'San Lorenzo',107),(1086,'San Pedro de Chuná',107),(1087,'Sausa',107),(1088,'Sincos',107),(1089,'Tunan Marca',107),(1090,'Yauli',107),(1091,'Yauyos',107),(1092,'Juní',108),(1093,'Carhuamayo',108),(1094,'Ondores',108),(1095,'Ulcumayo',108),(1096,'Satipo',109),(1097,'Coviriali',109),(1098,'Llaylla',109),(1099,'Mazamari',109),(1100,'Pampa Hermosa',109),(1101,'Pangoa',109),(1102,'Río Negro',109),(1103,'Río Tambo',109),(1104,'Tarma',110),(1105,'Acobamba',110),(1106,'Huaricolca',110),(1107,'Huasahuasi',110),(1108,'La Unió',110),(1109,'Palca',110),(1110,'Palcamayo',110),(1111,'San Pedro de Cajas',110),(1112,'Tapo',110),(1113,'La Oroya',111),(1114,'Cacapalpa',111),(1115,'Huay-Huay',111),(1116,'Marcapomacocha',111),(1117,'Morococha',111),(1118,'Paccha',111),(1119,'Santa Barbara de Carhuacayá',111),(1120,'Santa Rosa de Sacco',111),(1121,'Suitucancha',111),(1122,'Yauli',111),(1123,'Ascope',112),(1124,'Chicama',112),(1125,'Chocope',112),(1126,'Magdalena de Cao',112),(1127,'Paijá',112),(1128,'Rázuri',112),(1129,'Santiago de Cao',112),(1130,'Casa Grande',112),(1131,'Bolívar',113),(1132,'Bambamarca',113),(1133,'Condormarca',113),(1134,'Longotea',113),(1135,'Uchumarca',113),(1136,'Ucuncha',113),(1137,'Chepé',114),(1138,'Pacanga',114),(1139,'Pueblo Nuevo',114),(1140,'Cascas',115),(1141,'Lucma',115),(1142,'Marmot',115),(1143,'Sayapullo',115),(1144,'Julcá',116),(1145,'Calamarca',116),(1146,'Carabamba',116),(1147,'Huaso',116),(1148,'Otuzco',117),(1149,'Agallpampa',117),(1150,'Charat',117),(1151,'Huaranchal',117),(1152,'La Cuesta',117),(1153,'Mache',117),(1154,'Paranday',117),(1155,'Salpo',117),(1156,'Sinsicap',117),(1157,'Usquil',117),(1158,'San Pedro de Lloc',118),(1159,'Guadalupe',118),(1160,'Jequetepeque',118),(1161,'Pacasmayo',118),(1162,'San José',118),(1163,'Tayabamba',119),(1164,'Buldibuyo',119),(1165,'Chillia',119),(1166,'Huancaspata',119),(1167,'Huaylillas',119),(1168,'Huayo',119),(1169,'Ongó',119),(1170,'Parcoy',119),(1171,'Patáz',119),(1172,'Pías',119),(1173,'Challas',119),(1174,'Taurija',119),(1175,'Urpay',119),(1176,'Huamachuco',120),(1177,'Chugay',120),(1178,'Cochorco',120),(1179,'Curgos',120),(1180,'Marcabal',120),(1181,'Sanagorá',120),(1182,'Sarí',120),(1183,'Sartimbamba',120),(1184,'Santiago de Chuco',121),(1185,'Angasmarca',121),(1186,'Cachicadá',121),(1187,'Mollebamba',121),(1188,'Mollepata',121),(1189,'Quiruvilca',121),(1190,'Santa Cruz de Chuca',121),(1191,'Sitabamba',121),(1192,'Trujillo',122),(1193,'El Porvenir',122),(1194,'Florencia de Mora',122),(1195,'Huanchaco',122),(1196,'La Esperanza',122),(1197,'Laredo',122),(1198,'Moche',122),(1199,'Poroto',122),(1200,'Salaverry',122),(1201,'Simbal',122),(1202,'Victor Larco',122),(1203,'Virú',123),(1204,'Chao',123),(1205,'Guadalupito',123),(1206,'Chiclayo',124),(1207,'Cayalti',124),(1208,'Chongoyape',124),(1209,'Eté',124),(1210,'Puerto Eté',124),(1211,'José Leonardo Ortiz',124),(1212,'La Victoria',124),(1213,'Lagunas',124),(1214,'Monsefu',124),(1215,'Nueva Arica',124),(1216,'Oyotú',124),(1217,'Patapo',124),(1218,'Picsi',124),(1219,'Pimentel',124),(1220,'Pomalca',124),(1221,'Pucalá',124),(1222,'Reque',124),(1223,'Santa Rosa',124),(1224,'Tumá',124),(1225,'Saña',124),(1226,'Ferreñafe',125),(1227,'Cañaris',125),(1228,'Incahuasi',125),(1229,'Manuel Antonio Mesones Muro',125),(1230,'Pítipo',125),(1231,'Pueblo Nuevo',125),(1232,'Lambayeque',126),(1233,'Chóchope',126),(1234,'Íllimo',126),(1235,'Jayanca',126),(1236,'Mochumí',126),(1237,'Mórrope',126),(1238,'Motupe',126),(1239,'Olmos',126),(1240,'Pacora',126),(1241,'Salas',126),(1242,'San José',126),(1243,'Túcume',126),(1244,'Barranca',127),(1245,'Paramonga',127),(1246,'Pativilca',127),(1247,'Supe',127),(1248,'Supe Puerto',127),(1249,'Manás',128),(1250,'Gorgor',128),(1251,'Huancapó',128),(1252,'Cajatambo',128),(1253,'Copa',128),(1254,'Canta',129),(1255,'Arahuay',129),(1256,'Huamantanga',129),(1257,'Huaros',129),(1258,'Lachaqui',129),(1259,'San Buenaventura',129),(1260,'Santa Rosa de Quives',129),(1261,'Asia',130),(1262,'Calango',130),(1263,'Cerro Azul',130),(1264,'Chilca',130),(1265,'Coayllo',130),(1266,'Imperial',130),(1267,'Lunahuaná',130),(1268,'Mala',130),(1269,'Nuevo Imperial',130),(1270,'Pacará',130),(1271,'Quilmaná',130),(1272,'San Antonio',130),(1273,'San Luis',130),(1274,'San Vicente de Cañete',130),(1275,'Santa Cruz de Flores',130),(1276,'Zúñiga',130),(1277,'27 de noviembre',131),(1278,'Atavillos Alto',131),(1279,'Atavillos Bajo',131),(1280,'Aucallama',131),(1281,'Chancay',131),(1282,'Huaral',131),(1283,'Ihuarí',131),(1284,'Lampía',131),(1285,'Pacaraos',131),(1286,'Santa Cruz de Andamarca',131),(1287,'Sumbilca',131),(1288,'San Miguel de Acos',131),(1289,'Matucana',132),(1290,'Antioquía',132),(1291,'Callahuanca',132),(1292,'Carampoma',132),(1293,'Chicla',132),(1294,'Cuenca',132),(1295,'Huachupampa',132),(1296,'Huanza',132),(1297,'Huarochirí',132),(1298,'Lahuaytambo',132),(1299,'Langa',132),(1300,'Laraos',132),(1301,'Mariatana',132),(1302,'Ricardo Palma',132),(1303,'San Andrés de Tupicocha',132),(1304,'San Antonio de Chaclla',132),(1305,'San Bartolomé',132),(1306,'San Damiá',132),(1307,'San Juan de Iris',132),(1308,'San Juan de Tantaranche',132),(1309,'San Lorenzo de Quinti',132),(1310,'San Mateo',132),(1311,'San Mateo de Otao',132),(1312,'San Pedro de Casta',132),(1313,'San Pedro de Huancayre',132),(1314,'Sangallaya',132),(1315,'Santa Cruz de Cocachacra',132),(1316,'Santa Eulalia',132),(1317,'Santiago de Anchucaya',132),(1318,'Santiago de Tuna',132),(1319,'Santo Domingo de los Olleros',132),(1320,'San Jerónimo de Surco',132),(1321,'Huacho',133),(1322,'Ámbar',133),(1323,'Caleta de Carquí',133),(1324,'Checras',133),(1325,'Hualmay',133),(1326,'Huaura',133),(1327,'Leoncio Prado',133),(1328,'Paccho',133),(1329,'Santa Leonor',133),(1330,'Santa María',133),(1331,'Sayá',133),(1332,'Vegueta',133),(1333,'Lima',134),(1334,'Ancó',134),(1335,'Ate',134),(1336,'Barranco',134),(1337,'Breña',134),(1338,'Carabayllo',134),(1339,'Chaclacayo',134),(1340,'Chorrillos',134),(1341,'Cieneguilla',134),(1342,'Comas',134),(1343,'El Agustino',134),(1344,'Independencia',134),(1345,'Jesús María',134),(1346,'La Molina',134),(1347,'La Victoria',134),(1348,'Lince',134),(1349,'Los Olivos',134),(1350,'Lurigancho-Chosica',134),(1351,'Luri',134),(1352,'Magdalena del Mar',134),(1353,'Pueblo Libre',134),(1354,'Miraflores',134),(1355,'Pachacámac',134),(1356,'Pucusana',134),(1357,'Puente Piedra',134),(1358,'Punta Hermosa',134),(1359,'Punta Negra',134),(1360,'Rímac',134),(1361,'San Bartolo',134),(1362,'San Borja',134),(1363,'San Isidro',134),(1364,'San Juan de Lurigancho',134),(1365,'San Juan de Mirafloresv',134),(1366,'San Luis',134),(1367,'San Martín de Porres',134),(1368,'San Miguel',134),(1369,'Santa Anita',134),(1370,'Santa María del Mar',134),(1371,'Santa Rosa',134),(1372,'Santiago de Surco',134),(1373,'Surquillo',134),(1374,'Villa El Salvador',134),(1375,'Villa María del Triunfo',134),(1376,'Oyó',135),(1377,'Andajes',135),(1378,'Caujul',135),(1379,'Cochamarca',135),(1380,'Navá',135),(1381,'Pachangara',135),(1382,'Yauyos',136),(1383,'Alis',136),(1384,'Ayauca',136),(1385,'Ayaviri',136),(1386,'Azángaro',136),(1387,'Cacra',136),(1388,'Carania',136),(1389,'Catahuasi',136),(1390,'Chocos',136),(1391,'Cochas',136),(1392,'Colonia',136),(1393,'Hongos',136),(1394,'Huampara',136),(1395,'Huancaya',136),(1396,'Huangáscar',136),(1397,'Huantá',136),(1398,'Huañec',136),(1399,'Laraos',136),(1400,'Lincha',136),(1401,'Madea',136),(1402,'Miraflores',136),(1403,'Omas',136),(1404,'San Lorenzo de Putinza',136),(1405,'Quinches',136),(1406,'Quinocay',136),(1407,'San Joaquí',136),(1408,'San Pedro de Pilas',136),(1409,'Tanta',136),(1410,'Tauripampa',136),(1411,'Tomas',136),(1412,'Tupe',136),(1413,'Viñac',136),(1414,'Vitis',136),(1415,'Prov. Const. Callao',137),(1416,'Yurimaguas',138),(1417,'Balsapuerto',138),(1418,'Jeberos',138),(1419,'Lagunas',138),(1420,'Santa Cruz',138),(1421,'Teniente César López Rojas',138),(1422,'Nauta',139),(1423,'Parinari',139),(1424,'Tigre',139),(1425,'Trompeteros',139),(1426,'Urarinas',139),(1427,'Ramón Castilla',140),(1428,'Pebas',140),(1429,'Yavari',140),(1430,'San Pablo',140),(1431,'Iquitos',141),(1432,'Alto Nanay',141),(1433,'Fernando Lores',141),(1434,'Indiana',141),(1435,'Las Amazonas',141),(1436,'Mazá',141),(1437,'Napo',141),(1438,'Punchana',141),(1439,'Putumayo',141),(1440,'Torres Causana',141),(1441,'Bele',141),(1442,'San Juan Bautista',141),(1443,'Teniente Manuel Clavero',141),(1444,'Requena',142),(1445,'Alto Tapiche',142),(1446,'Capelo',142),(1447,'Emilio San Martí',142),(1448,'Maquía',142),(1449,'Puinahua',142),(1450,'Saquena',142),(1451,'Sopli',142),(1452,'Tapiche',142),(1453,'Jenaro Herrera',142),(1454,'Yaquerana',142),(1455,'Contamana',143),(1456,'Inahuaya',143),(1457,'Padre Márquez',143),(1458,'Pampa Hermosa',143),(1459,'Sarayacu',143),(1460,'Alfredo Vargas Guerra',143),(1461,'Yanayacu',143),(1462,'Manu',144),(1463,'Fitzcarrald',144),(1464,'Madre de Dios',144),(1465,'Huepetuhe',144),(1466,'Iñapari',145),(1467,'Iberia',145),(1468,'Tahuamanu',145),(1469,'Tambopata',146),(1470,'Inambari',146),(1471,'Las Piedras',146),(1472,'Laberinto',146),(1473,'Ilo',147),(1474,'El Algarrobal',147),(1475,'Pacocha',147),(1476,'Moquegua',148),(1477,'Carumas',148),(1478,'Cuchumbaya',148),(1479,'Samegua',148),(1480,'San Cristobal de Calacoa',148),(1481,'Torata',148),(1482,'Omate',149),(1483,'Chojata',149),(1484,'Coalaque',149),(1485,'Ichuña',149),(1486,'La Capilla',149),(1487,'Lloque',149),(1488,'Matalaque',149),(1489,'Puquina',149),(1490,'Quinistaquillas',149),(1491,'Ubinas',149),(1492,'Yunga',149),(1493,'Yanahuanca',150),(1494,'Chacayá',150),(1495,'Goyllarisquizga',150),(1496,'Paucar',150),(1497,'San Pedro de Pillao',150),(1498,'Santa Ana de Tusi',150),(1499,'Tapuc',150),(1500,'Vilcabamba',150),(1501,'Oxapampa',151),(1502,'Chontabamba',151),(1503,'Huancabamba',151),(1504,'Palcazú',151),(1505,'Pozuzo',151),(1506,'Puerto Bermúdez',151),(1507,'Villa Rica',151),(1508,'Ciudad Constitució',151),(1509,'Chaupimarca',152),(1510,'Huachó',152),(1511,'Huariaca',152),(1512,'Huayllay',152),(1513,'Ninacaca',152),(1514,'Pallanchacra',152),(1515,'Paucartambo',152),(1516,'San Francisco de Asís de Yarusyacá',152),(1517,'Simón Bolívar',152),(1518,'Ticlacayá',152),(1519,'Tinyahuarco',152),(1520,'Vicco',152),(1521,'Yanacancha',152),(1522,'Ayabaca',153),(1523,'Frías',153),(1524,'Jililí',153),(1525,'Lagunas',153),(1526,'Montero',153),(1527,'Pacaipampa',153),(1528,'Paimas',153),(1529,'Sapillica',153),(1530,'Sicchez',153),(1531,'Suyo',153),(1532,'Huancabamba',154),(1533,'Canchaque',154),(1534,'El Carmen de la Frontera',154),(1535,'Huarmaca',154),(1536,'Lalaquiz',154),(1537,'San Miguel de El Faique',154),(1538,'Sondor',154),(1539,'Sondorillo',154),(1540,'Chulucanas',155),(1541,'Buenos Aires',155),(1542,'Chalaco',155),(1543,'La Matanza',155),(1544,'Morropó',155),(1545,'Salitral',155),(1546,'San Juan de Bigote',155),(1547,'Santa Catalina de Mossa',155),(1548,'Santo Domingo',155),(1549,'Yamango',155),(1550,'Paita',156),(1551,'Amotape',156),(1552,'Colá',156),(1553,'El Arenal',156),(1554,'La Huaca',156),(1555,'Tamarindo',156),(1556,'Vichayal',156),(1557,'Piura',157),(1558,'Castilla',157),(1559,'Catacaos',157),(1560,'Cura Mori',157),(1561,'El Tallá',157),(1562,'La Arena',157),(1563,'La Unió',157),(1564,'Las Lomas',157),(1565,'Tambo Grande',157),(1566,'Sechura',158),(1567,'Bellavista de la Unió',158),(1568,'Bernal',158),(1569,'Cristo nos Valga',158),(1570,'Rinconada Llicuar',158),(1571,'Vice',158),(1572,'Sullana',159),(1573,'Bellavista',159),(1574,'Ignacio Escudero',159),(1575,'Lancones',159),(1576,'Marcavelica',159),(1577,'Miguel Checa',159),(1578,'Querecotillo',159),(1579,'Salitral',159),(1580,'Pariñas',160),(1581,'El Alto',160),(1582,'La Brea',160),(1583,'Lobitos',160),(1584,'Los Órganos',160),(1585,'Máncora',160),(1586,'Azángaro',161),(1587,'Achaya',161),(1588,'Arapa',161),(1589,'Asillo',161),(1590,'Caminaca',161),(1591,'Chupa',161),(1592,'José Domingo Choquehuanca',161),(1593,'Muñani',161),(1594,'Potoni',161),(1595,'Samá',161),(1596,'San Antó',161),(1597,'San José',161),(1598,'San Juan de Salinas',161),(1599,'Santiago de Pupuja',161),(1600,'Tirapata',161),(1601,'Ajoyani',162),(1602,'Ayapata',162),(1603,'Coasa',162),(1604,'Corani',162),(1605,'Crucero',162),(1606,'Ituata',162),(1607,'Macusani',162),(1608,'Ollachea',162),(1609,'San Gabá',162),(1610,'Usicayos',162),(1611,'Desaguadero',163),(1612,'Huacullani',163),(1613,'Juli',163),(1614,'Kelluyo',163),(1615,'Pisacoma',163),(1616,'Pomata',163),(1617,'Zepita',163),(1618,'Capazo',164),(1619,'Conduriri',164),(1620,'Ilave',164),(1621,'Pilcuyo',164),(1622,'Santa Rosa',164),(1623,'Cojata',165),(1624,'Huancané',165),(1625,'Huatasani',165),(1626,'Inchupalla',165),(1627,'Pusi',165),(1628,'Rosaspata',165),(1629,'Taraco',165),(1630,'Vilque Chico',165),(1631,'Cabanilla',166),(1632,'Calapuja',166),(1633,'Lampa',166),(1634,'Nicasio',166),(1635,'Ocuviri',166),(1636,'Palca',166),(1637,'Paratia',166),(1638,'Pucará',166),(1639,'Santa Lucía',166),(1640,'Vilavila',166),(1641,'Antauta',167),(1642,'Ayaviri',167),(1643,'Cupi',167),(1644,'Llalli',167),(1645,'Macari',167),(1646,'Ñuñoa',167),(1647,'Orurillo',167),(1648,'Santa Rosa',167),(1649,'Umachiri',167),(1650,'Conina',168),(1651,'Huayrapata',168),(1652,'Moho',168),(1653,'Tilali',168),(1654,'Ananea',169),(1655,'Pedro Vilca Apaza',169),(1656,'Putina',169),(1657,'Quilcapuncu',169),(1658,'Sina',169),(1659,'Cabana',170),(1660,'Cabanillas',170),(1661,'Caracoto',170),(1662,'Juliaca',170),(1663,'Massiapo',171),(1664,'Cuyocuyo',171),(1665,'Limbani',171),(1666,'Patambuco',171),(1667,'Quiaca',171),(1668,'San Juan del Oro',171),(1669,'San Pedro de Putina Punco',171),(1670,'Sandia',171),(1671,'Yanahuaya',171),(1672,'Phara',171),(1673,'Ácora',172),(1674,'Amantaní',172),(1675,'Atuncolla',172),(1676,'Capachica',172),(1677,'Chucuito',172),(1678,'Coata',172),(1679,'Huata',172),(1680,'Mañazo',172),(1681,'Paucarcolla',172),(1682,'Pichacani',172),(1683,'Platería',172),(1684,'Puno',172),(1685,'San Antonio',172),(1686,'Tiquillaca',172),(1687,'Vilque',172),(1688,'Yunguyo',173),(1689,'Anapia',173),(1690,'Copani',173),(1691,'Cuturapi',173),(1692,'Ollaraya',173),(1693,'Tinicachi',173),(1694,'Unicachi',173),(1695,'Bellavista',174),(1696,'Alto Biavo',174),(1697,'Bajo Biavo',174),(1698,'Huallaga',174),(1699,'San Pablo',174),(1700,'San Rafael',174),(1701,'San José de Sisa',175),(1702,'Agua Blanca',175),(1703,'San Martí',175),(1704,'Santa Rosa',175),(1705,'Shantoja',175),(1706,'Saposoa',176),(1707,'Alto Saposoa',176),(1708,'El Eslabó',176),(1709,'Piscoyacu',176),(1710,'Sacanche',176),(1711,'Tingo de Saposoa',176),(1712,'Lamas',177),(1713,'Alonso de Alvarado',177),(1714,'Barranquita',177),(1715,'Caynarachi',177),(1716,'Cuñumbuqui',177),(1717,'Pinto Recodo',177),(1718,'Rumisapa',177),(1719,'San Roque de Cumbaza',177),(1720,'Shanao',177),(1721,'Tabalosos',177),(1722,'Zapatero',177),(1723,'Juanjuí',178),(1724,'Campanilla',178),(1725,'Huicungo',178),(1726,'Pachiza',178),(1727,'Pajarillo',178),(1728,'Juanjuicillo',178),(1729,'Moyobamba',179),(1730,'Calzada',179),(1731,'Habana',179),(1732,'Jepelacio',179),(1733,'Soritor',179),(1734,'Yantalo',179),(1735,'Picota',180),(1736,'Buenos Aires',180),(1737,'Caspisapa',180),(1738,'Pilluana',180),(1739,'Pucacaca',180),(1740,'San Cristóbal',180),(1741,'San Hilarió',180),(1742,'Shamboyacu',180),(1743,'Leoncio Prado',180),(1744,'Tingo de Ponazav',180),(1745,'Tres Unidos',180),(1746,'Rioja',181),(1747,'Awajú',181),(1748,'Elías Soplín Vargas',181),(1749,'Nueva Cajamarca',181),(1750,'Pardo Miguel',181),(1751,'Posic',181),(1752,'San Fernando',181),(1753,'Yorongos',181),(1754,'Yuracyacu',181),(1755,'Tarapoto',182),(1756,'Alberto Leveau',182),(1757,'Cacatachi',182),(1758,'Chazuta',182),(1759,'Chipurana',182),(1760,'El Porvenir',182),(1761,'Huimbayoc',182),(1762,'Juan Guerra',182),(1763,'La Banda de Shilcayo',182),(1764,'Morales',182),(1765,'Papaplaya',182),(1766,'San Antonio',182),(1767,'Sauce',182),(1768,'Shapaja',182),(1769,'Tocache',183),(1770,'Nuevo Progreso',183),(1771,'Pólvora',183),(1772,'Shunte',183),(1773,'Uchiza',183),(1774,'Candarave',184),(1775,'Cairani',184),(1776,'Camilaca',184),(1777,'Curibaya',184),(1778,'Huanuara',184),(1779,'Quilahuani',184),(1780,'Ilabaya',185),(1781,'Ite',185),(1782,'Locumba',185),(1783,'Tacna',186),(1784,'Alto de la Alianza',186),(1785,'Calana',186),(1786,'Ciudad Nueva',186),(1787,'Coronel Gregorio Albarracín Lanchipa',186),(1788,'Inclá',186),(1789,'Pachía',186),(1790,'Palca',186),(1791,'Pocollay',186),(1792,'Sama',186),(1793,'Tarata',187),(1794,'Chucatamani',187),(1795,'Estique',187),(1796,'Estique-Pampa',187),(1797,'Sitajara',187),(1798,'Susapaya',187),(1799,'Tarucachi',187),(1800,'Ticaco',187),(1801,'Canoas de Punta Sal',188),(1802,'Casitas',188),(1803,'Zorritos',188),(1804,'Tumbes',189),(1805,'Corrales',189),(1806,'La Cruz',189),(1807,'Pampas de Hospital',189),(1808,'San Jacinto',189),(1809,'San Juan de la Virge',189),(1810,'Zarumilla',190),(1811,'Aguas Verdes',190),(1812,'Matapalo',190),(1813,'Papayal',190),(1814,'Raimondi',191),(1815,'Sepahua',191),(1816,'Tahuanía',191),(1817,'Yurúa',191),(1818,'Callería',192),(1819,'Campoverde',192),(1820,'Iparía',192),(1821,'Manantay',192),(1822,'Masisea',192),(1823,'Yarinacocha',192),(1824,'Nueva Requena',192),(1825,'Padre Abad',193),(1826,'Irazola',193),(1827,'Curimaná',193),(1828,'Purús',194);
/*!40000 ALTER TABLE `distrito` ENABLE KEYS */;
UNLOCK TABLES;
/*!40103 SET TIME_ZONE=@OLD_TIME_ZONE */;

/*!40101 SET SQL_MODE=@OLD_SQL_MODE */;
/*!40014 SET FOREIGN_KEY_CHECKS=@OLD_FOREIGN_KEY_CHECKS */;
/*!40014 SET UNIQUE_CHECKS=@OLD_UNIQUE_CHECKS */;
/*!40101 SET CHARACTER_SET_CLIENT=@OLD_CHARACTER_SET_CLIENT */;
/*!40101 SET CHARACTER_SET_RESULTS=@OLD_CHARACTER_SET_RESULTS */;
/*!40101 SET COLLATION_CONNECTION=@OLD_COLLATION_CONNECTION */;
/*!40111 SET SQL_NOTES=@OLD_SQL_NOTES */;

-- Dump completed on 2015-05-06 21:32:16
