CREATE DATABASE  IF NOT EXISTS `servitec1_refugiate` /*!40100 DEFAULT CHARACTER SET utf8 */;
USE `servitec1_refugiate`;
-- MySQL dump 10.13  Distrib 5.6.17, for Win32 (x86)
--
-- Host: 204.93.216.11    Database: servitec1_refugiate
-- ------------------------------------------------------
-- Server version	5.5.28

/*!40101 SET @OLD_CHARACTER_SET_CLIENT=@@CHARACTER_SET_CLIENT */;
/*!40101 SET @OLD_CHARACTER_SET_RESULTS=@@CHARACTER_SET_RESULTS */;
/*!40101 SET @OLD_COLLATION_CONNECTION=@@COLLATION_CONNECTION */;
/*!40101 SET NAMES utf8 */;
/*!40103 SET @OLD_TIME_ZONE=@@TIME_ZONE */;
/*!40103 SET TIME_ZONE='+00:00' */;
/*!40014 SET @OLD_UNIQUE_CHECKS=@@UNIQUE_CHECKS, UNIQUE_CHECKS=0 */;
/*!40014 SET @OLD_FOREIGN_KEY_CHECKS=@@FOREIGN_KEY_CHECKS, FOREIGN_KEY_CHECKS=0 */;
/*!40101 SET @OLD_SQL_MODE=@@SQL_MODE, SQL_MODE='NO_AUTO_VALUE_ON_ZERO' */;
/*!40111 SET @OLD_SQL_NOTES=@@SQL_NOTES, SQL_NOTES=0 */;

--
-- Table structure for table `bajaempresapersona`
--

DROP TABLE IF EXISTS `bajaempresapersona`;
/*!40101 SET @saved_cs_client     = @@character_set_client */;
/*!40101 SET character_set_client = utf8 */;
CREATE TABLE `bajaempresapersona` (
  `idBajaEmpresaPersona` int(11) NOT NULL AUTO_INCREMENT,
  `idEmpresa` int(11) DEFAULT NULL,
  `idPersona` int(11) DEFAULT NULL,
  `comentario` varchar(250) DEFAULT NULL,
  `fechaRegistro` datetime DEFAULT NULL,
  `fechaFinal` datetime DEFAULT NULL,
  `estado` int(11) DEFAULT NULL,
  PRIMARY KEY (`idBajaEmpresaPersona`),
  KEY `fk_BajaEmpresaPersona_Empresa1_idx` (`idEmpresa`),
  KEY `fk_BajaEmpresaPersona_Persona1_idx` (`idPersona`),
  CONSTRAINT `fk_BajaEmpresaPersona_Empresa1` FOREIGN KEY (`idEmpresa`) REFERENCES `empresa` (`idEmpresa`) ON DELETE NO ACTION ON UPDATE NO ACTION,
  CONSTRAINT `fk_BajaEmpresaPersona_Persona1` FOREIGN KEY (`idPersona`) REFERENCES `persona` (`idPersona`) ON DELETE NO ACTION ON UPDATE NO ACTION
) ENGINE=InnoDB DEFAULT CHARSET=utf8;
/*!40101 SET character_set_client = @saved_cs_client */;

--
-- Dumping data for table `bajaempresapersona`
--

LOCK TABLES `bajaempresapersona` WRITE;
/*!40000 ALTER TABLE `bajaempresapersona` DISABLE KEYS */;
/*!40000 ALTER TABLE `bajaempresapersona` ENABLE KEYS */;
UNLOCK TABLES;

--
-- Table structure for table `comentario`
--

DROP TABLE IF EXISTS `comentario`;
/*!40101 SET @saved_cs_client     = @@character_set_client */;
/*!40101 SET character_set_client = utf8 */;
CREATE TABLE `comentario` (
  `idComentario` int(11) NOT NULL AUTO_INCREMENT,
  `idReserva` int(11) DEFAULT NULL,
  `descripcion` varchar(250) DEFAULT NULL,
  `fecha` datetime DEFAULT NULL,
  `estado` int(11) DEFAULT NULL,
  `fechaUpdate` datetime DEFAULT NULL,
  PRIMARY KEY (`idComentario`),
  KEY `fk_Comentario_Reserva1_idx` (`idReserva`),
  CONSTRAINT `fk_Comentario_Reserva1` FOREIGN KEY (`idReserva`) REFERENCES `reserva` (`idReserva`) ON DELETE NO ACTION ON UPDATE NO ACTION
) ENGINE=InnoDB DEFAULT CHARSET=utf8;
/*!40101 SET character_set_client = @saved_cs_client */;

--
-- Dumping data for table `comentario`
--

LOCK TABLES `comentario` WRITE;
/*!40000 ALTER TABLE `comentario` DISABLE KEYS */;
/*!40000 ALTER TABLE `comentario` ENABLE KEYS */;
UNLOCK TABLES;

--
-- Table structure for table `costotipohabitacion`
--

DROP TABLE IF EXISTS `costotipohabitacion`;
/*!40101 SET @saved_cs_client     = @@character_set_client */;
/*!40101 SET character_set_client = utf8 */;
CREATE TABLE `costotipohabitacion` (
  `idCostoTipoHabitacion` int(11) NOT NULL AUTO_INCREMENT,
  `idTipoHabitacion` int(11) DEFAULT NULL,
  `idSucursal` int(11) DEFAULT NULL,
  `costo` decimal(10,2) DEFAULT NULL,
  `numeroPersonas` int(11) DEFAULT NULL,
  `totalHabitaicones` int(11) DEFAULT NULL,
  `habitacionesOcupadas` int(11) DEFAULT NULL,
  `estado` int(11) DEFAULT NULL,
  `fechaUpdate` datetime DEFAULT NULL,
  PRIMARY KEY (`idCostoTipoHabitacion`),
  KEY `fk_CostoTipoHabitacion_TipoHabitacion1_idx` (`idTipoHabitacion`),
  KEY `fk_CostoTipoHabitacion_Sucursal1_idx` (`idSucursal`),
  CONSTRAINT `fk_CostoTipoHabitacion_Sucursal1` FOREIGN KEY (`idSucursal`) REFERENCES `sucursal` (`idSucursal`) ON DELETE NO ACTION ON UPDATE NO ACTION,
  CONSTRAINT `fk_CostoTipoHabitacion_TipoHabitacion1` FOREIGN KEY (`idTipoHabitacion`) REFERENCES `tipohabitacion` (`idTipoHabitacion`) ON DELETE NO ACTION ON UPDATE NO ACTION
) ENGINE=InnoDB AUTO_INCREMENT=5 DEFAULT CHARSET=utf8;
/*!40101 SET character_set_client = @saved_cs_client */;

--
-- Dumping data for table `costotipohabitacion`
--

LOCK TABLES `costotipohabitacion` WRITE;
/*!40000 ALTER TABLE `costotipohabitacion` DISABLE KEYS */;
INSERT INTO `costotipohabitacion` VALUES (1,1,4,125.00,2,2,0,1,'2015-05-19 19:19:32'),(2,4,4,102.50,1,5,0,1,'2015-05-19 19:19:32'),(3,1,5,25.00,1,1,0,1,'2015-05-19 19:19:32'),(4,1,4,100.00,2,1,0,1,'2015-05-19 19:19:32');
/*!40000 ALTER TABLE `costotipohabitacion` ENABLE KEYS */;
UNLOCK TABLES;

--
-- Table structure for table `departamento`
--

DROP TABLE IF EXISTS `departamento`;
/*!40101 SET @saved_cs_client     = @@character_set_client */;
/*!40101 SET character_set_client = utf8 */;
CREATE TABLE `departamento` (
  `idDepartamento` int(11) NOT NULL,
  `nombre` varchar(50) DEFAULT NULL,
  PRIMARY KEY (`idDepartamento`)
) ENGINE=InnoDB DEFAULT CHARSET=utf8 COMMENT='			';
/*!40101 SET character_set_client = @saved_cs_client */;

--
-- Dumping data for table `departamento`
--

LOCK TABLES `departamento` WRITE;
/*!40000 ALTER TABLE `departamento` DISABLE KEYS */;
INSERT INTO `departamento` VALUES (1,'Amazonas'),(2,'Ancash'),(3,'Apurimac'),(4,'Arequipa'),(5,'Ayacucho'),(6,'Cajamarca'),(7,'Cusco'),(8,'Huancavelica'),(9,'Huanuco'),(10,'Ica'),(11,'Juní'),(12,'La Libertad'),(13,'Lambayeque'),(14,'Lima'),(15,'Prov. Const. del   Callao'),(16,'Loreto'),(17,'Madre de Dios'),(18,'Moquegua'),(19,'Pasco'),(20,'Piura'),(21,'Puno'),(22,'San Martí'),(23,'Tacna'),(24,'Tumbes'),(25,'Ucayali');
/*!40000 ALTER TABLE `departamento` ENABLE KEYS */;
UNLOCK TABLES;

--
-- Table structure for table `detallereserva`
--

DROP TABLE IF EXISTS `detallereserva`;
/*!40101 SET @saved_cs_client     = @@character_set_client */;
/*!40101 SET character_set_client = utf8 */;
CREATE TABLE `detallereserva` (
  `idDetalleReserva` int(11) NOT NULL AUTO_INCREMENT,
  `idReserva` int(11) DEFAULT NULL,
  `numeroHabitaciones` int(11) DEFAULT NULL,
  `fechaIngresp` datetime DEFAULT NULL,
  `dias` int(11) DEFAULT NULL,
  `total` decimal(10,2) DEFAULT NULL,
  `estado` int(11) DEFAULT NULL,
  `idHabitacion` int(11) NOT NULL,
  PRIMARY KEY (`idDetalleReserva`),
  KEY `fk_DetalleReserva_Reserva1_idx` (`idReserva`),
  KEY `fk_DetalleReserva_Habitacion1_idx` (`idHabitacion`),
  CONSTRAINT `fk_DetalleReserva_Habitacion1` FOREIGN KEY (`idHabitacion`) REFERENCES `habitacion` (`idHabitacion`) ON DELETE NO ACTION ON UPDATE CASCADE,
  CONSTRAINT `fk_DetalleReserva_Reserva1` FOREIGN KEY (`idReserva`) REFERENCES `reserva` (`idReserva`) ON DELETE NO ACTION ON UPDATE NO ACTION
) ENGINE=InnoDB DEFAULT CHARSET=utf8;
/*!40101 SET character_set_client = @saved_cs_client */;

--
-- Dumping data for table `detallereserva`
--

LOCK TABLES `detallereserva` WRITE;
/*!40000 ALTER TABLE `detallereserva` DISABLE KEYS */;
/*!40000 ALTER TABLE `detallereserva` ENABLE KEYS */;
UNLOCK TABLES;

--
-- Table structure for table `distrito`
--

DROP TABLE IF EXISTS `distrito`;
/*!40101 SET @saved_cs_client     = @@character_set_client */;
/*!40101 SET character_set_client = utf8 */;
CREATE TABLE `distrito` (
  `idDistrito` int(11) NOT NULL,
  `nombre` varchar(50) DEFAULT NULL,
  `idProvincia` int(11) NOT NULL,
  PRIMARY KEY (`idDistrito`),
  KEY `fk_Distrito_Provincia1_idx` (`idProvincia`),
  CONSTRAINT `fk_Distrito_Provincia1` FOREIGN KEY (`idProvincia`) REFERENCES `provincia` (`idProvincia`) ON DELETE NO ACTION ON UPDATE NO ACTION
) ENGINE=InnoDB DEFAULT CHARSET=utf8 COMMENT='		';
/*!40101 SET character_set_client = @saved_cs_client */;

--
-- Dumping data for table `distrito`
--

LOCK TABLES `distrito` WRITE;
/*!40000 ALTER TABLE `distrito` DISABLE KEYS */;
INSERT INTO `distrito` VALUES (1,'Bagua',1),(2,'La Peca',1),(3,'Aramango',1),(4,'Copalli',1),(5,'El Parco',1),(6,'Imaza',1),(7,'Corosha',2),(8,'Cuispes',2),(9,'Chisquilla',2),(10,'Churuja',2),(11,'Florida',2),(12,'Jazá',2),(13,'Recta',2),(14,'San Carlos',2),(15,'Shipasbamba',2),(16,'Valera',2),(17,'Yambrasbamba',2),(18,'El Cenepa',3),(19,'Nieva',3),(20,'Río Santiago',3),(21,'Chachapoyas',4),(22,'Asunció',4),(23,'Balsas',4),(24,'Cheto',4),(25,'Chiliquí',4),(26,'Chuquibamba',4),(27,'Granada',4),(28,'Huancas',4),(29,'La Jalca',4),(30,'Leymebamba',4),(31,'Levanto',4),(32,'Magdalena',4),(33,'Mariscal Castilla',4),(34,'Molinopampa',4),(35,'Montevideo',4),(36,'Olleros',4),(37,'Quinjalca',4),(38,'San Francisco de Daguas',4),(39,'San Isidro de Maino',4),(40,'Soloco',4),(41,'Sonche',4),(42,'Camporredondo',5),(43,'Cocabamba',5),(44,'Colcamar',5),(45,'Conila',5),(46,'Inguilpata',5),(47,'Lámud',5),(48,'Longuita',5),(49,'Lonya Chico',5),(50,'Luya',5),(51,'Luya Viejo',5),(52,'María',5),(53,'Ocalli',5),(54,'Ocumal',5),(55,'Pisuquía',5),(56,'Providencia',5),(57,'San Cristóbal',5),(58,'San Francisco del Yeso',5),(59,'San Jerónimo',5),(60,'San Juan de Lopecancha',5),(61,'Santa Catalina',5),(62,'Santo Tomás',5),(63,'Tingo',5),(64,'Trita',5),(65,'Chirimoto',6),(66,'Cochamal',6),(67,'Huambo',6),(68,'Limabamba',6),(69,'Longar',6),(70,'Mariscal Benavides',6),(71,'Milpuc',6),(72,'Omia',6),(73,'San Nicolás',6),(74,'Santa Rosa',6),(75,'Totora',6),(76,'Vista Alegre',6),(77,'Bagua Grande',7),(78,'Cajaruro',7),(79,'Cumba',7),(80,'El Milagro',7),(81,'Jamalca',7),(82,'Lonya Grande',7),(83,'Yamó',7),(84,'Aija',8),(85,'Coris',8),(86,'Huacllá',8),(87,'La Merced',8),(88,'Succha',8),(89,'Llamellí',9),(90,'Aczo',9),(91,'Chaccho',9),(92,'Chingas',9),(93,'Mirgas',9),(94,'San Juan de Rontoy',9),(95,'Chacas',10),(96,'Acochaca',10),(97,'Abelardo Pardo Lezameta',11),(98,'Antonio Raymondi',11),(99,'Aquia',11),(100,'Canis',11),(101,'Colquioc',11),(102,'Cajacay',11),(103,'Chiquiá',11),(104,'Huallanca',11),(105,'Huasta',11),(106,'Huayllacayá',11),(107,'La Primavera',11),(108,'Mangas',11),(109,'Paclló',11),(110,'San Miguel de Corpanqui',11),(111,'Ticllos',11),(112,'Casma',12),(113,'Buena Vista Alta',12),(114,'Comandante Noel',12),(115,'Yautá',12),(116,'Carhuás',13),(117,'Acopampa',13),(118,'Amashca',13),(119,'Anta',13),(120,'Ataquero',13),(121,'Marcará',13),(122,'Pariahuanca',13),(123,'San Miguel de Aco',13),(124,'Shilla',13),(125,'Tinco',13),(126,'Yungar',13),(127,'San Luis',14),(128,'San Nicolás',14),(129,'Yauya',14),(130,'Aco',15),(131,'Bambas',15),(132,'Cusca',15),(133,'La Pampa',15),(134,'Yánac',15),(135,'Yupá',15),(136,'Cochabamba',16),(137,'Colcabamba',16),(138,'Huanchay',16),(139,'Independencia',16),(140,'Jangas',16),(141,'La Libertad',16),(142,'Olleros',16),(143,'Pampas',16),(144,'Pariacoto',16),(145,'Pira',16),(146,'Tarica',16),(147,'Huari',17),(148,'Anra',17),(149,'Cajay',17),(150,'Chavín de Huantar',17),(151,'Huacachi',17),(152,'Huacchis',17),(153,'Huachis',17),(154,'Huantar',17),(155,'Masi',17),(156,'Paucas',17),(157,'Pontó',17),(158,'Rahuapampa',17),(159,'Rapayá',17),(160,'San Marcos',17),(161,'San Pedro de Chaná',17),(162,'Uco',17),(163,'Huarmey',18),(164,'Cochapeti',18),(165,'Culebras',18),(166,'Huaya',18),(167,'Malvas',18),(168,'Caraz',19),(169,'Huallanca',19),(170,'Huata',19),(171,'Huaylas',19),(172,'Mato',19),(173,'Pamparomás',19),(174,'Pueblo Libre',19),(175,'Santa Cruz',19),(176,'Santo Toribio',19),(177,'Yuracmarca',19),(178,'Piscobamba',20),(179,'Casca',20),(180,'Eleazar Guzmán Barró',20),(181,'Fidel OIivas Escudero',20),(182,'Llama',20),(183,'Llumpa',20),(184,'Musga',20),(185,'Lucma',20),(186,'Ocros',21),(187,'Acas',21),(188,'Cajamarquilla',21),(189,'Carhuapamga',21),(190,'Cochas',21),(191,'Congas',21),(192,'Llipa',21),(193,'San Cristóbal de Rajá',21),(194,'San Pedro',21),(195,'Santiago de Chilcas',21),(196,'Cabana',22),(197,'Bolognesi',22),(198,'Conchucos',22),(199,'Huacaschuque',22),(200,'Huandoval',22),(201,'Lacabamba',22),(202,'Llapo',22),(203,'Pallasca',22),(204,'Pampas',22),(205,'Santa Rosa',22),(206,'Tauca',22),(207,'Pomabamba',23),(208,'Huayllá',23),(209,'Parobamba',23),(210,'Quinuabamba',23),(211,'Recuay',24),(212,'Catac',24),(213,'Cotaparaco',24),(214,'Huayllapampa',24),(215,'Llacllí',24),(216,'Marca',24),(217,'Pampas Chico',24),(218,'Pararí',24),(219,'Tapacocha',24),(220,'Ticapampa',24),(221,'Chimbote (cercado)',25),(222,'Cáceres del Perú',25),(223,'Coishco',25),(224,'Macate',25),(225,'Moro',25),(226,'Nepeña',25),(227,'Nuevo Chimbote',25),(228,'Samanco',25),(229,'Santa',25),(230,'Sihuas',26),(231,'Acobamba',26),(232,'Alfonso Ugarte',26),(233,'Cashapampa',26),(234,'Chingalpo',26),(235,'Huayllabamba',26),(236,'Quiches',26),(237,'Ragash',26),(238,'San Jua',26),(239,'Sicsibamba',26),(240,'Yungay',27),(241,'Cascapara',27),(242,'Mancos',27),(243,'Matacoto',27),(244,'Quillo',27),(245,'Ranrahirca',27),(246,'Shupluy',27),(247,'Yanama',27),(248,'Abancay',28),(249,'Chacoche',28),(250,'Circa',28),(251,'Curahuasi',28),(252,'Huanipaca',28),(253,'Lambrama',28),(254,'Pichirhua',28),(255,'San Pedro de Cachora',28),(256,'Tamburco',28),(257,'Andahuaylas',29),(258,'Andarapa',29),(259,'Chiara',29),(260,'Huancarama',29),(261,'Huancaray',29),(262,'Huayana',29),(263,'Kaquiabamba',29),(264,'Kishuara',29),(265,'Pacobamba',29),(266,'Pacucha',29),(267,'Pampachiri',29),(268,'Pomacocha',29),(269,'San Antonio de Cachi',29),(270,'San Jerónimo',29),(271,'San Miguel de Chaccrapampa',29),(272,'Santa María de Chicmo',29),(273,'Talavera de la Reyna',29),(274,'Tumay Huaraca ',29),(275,'Turpo',29),(276,'Antabamba',30),(277,'El Oro',30),(278,'Huaquirca',30),(279,'Juan Espinoza Medrano',30),(280,'Oropesa',30),(281,'Pachaconas',30),(282,'Sabaino',30),(283,'Chalhuanca',31),(284,'Capaya',31),(285,'Caraybamba',31),(286,'Chapimarca',31),(287,'Colcabamba',31),(288,'Cotaruse',31),(289,'Huayllu',31),(290,'Justo Apu Sahuaraura',31),(291,'Lucre',31),(292,'Pocohuanca',31),(293,'San Juan de Chacña',31),(294,'Sañayca',31),(295,'Soraya',31),(296,'Tapairihua',31),(297,'Tintay',31),(298,'Toraya',31),(299,'Yanaca',31),(300,'Tambobamba',32),(301,'Cotabambas',32),(302,'Coyllurqui',32),(303,'Haquira',32),(304,'Mara',32),(305,'Chalhuahuacho',32),(306,'Chincheros',33),(307,'Anco-Huallo',33),(308,'Cocharcas',33),(309,'Huaccana',33),(310,'Ocobamba',33),(311,'Ongoy',33),(312,'Uranmarca',33),(313,'Ranracancha',33),(314,'Chuquibambilla',34),(315,'Curpahuasi',34),(316,'Gamarra',34),(317,'Huayllati',34),(318,'Mamara',34),(319,'Micaela Bastidas',34),(320,'Pataypampa',34),(321,'Progreso',34),(322,'San Antonio',34),(323,'Santa Rosa',34),(324,'Turpay',34),(325,'Vilcabamba',34),(326,'Virundo',34),(327,'Curasco',34),(328,'Alto Selva Alegre',35),(329,'Arequipa',35),(330,'Cayma',35),(331,'Cerro Colorado',35),(332,'Characato',35),(333,'Chiguata',35),(334,'Jacobo Hunter',35),(335,'José Luis Bustamante y Rivero',35),(336,'La Joya',35),(337,'Mariano Melgar',35),(338,'Miraflores',35),(339,'Mollebaya',35),(340,'Paucarpata',35),(341,'Pocsi',35),(342,'Polobaya',35),(343,'Quequeña',35),(344,'Sabandía',35),(345,'Sachaca',35),(346,'San Juan de Siguas',35),(347,'San Juan de Tarucani',35),(348,'Santa Isabel de Siguas',35),(349,'Santa Rita de Siguas',35),(350,'Socabaya',35),(351,'Tiabaya',35),(352,'Uchumayo',35),(353,'Vitor',35),(354,'Yanahuara',35),(355,'Yarabamba',35),(356,'Yura',35),(357,'Achoma',36),(358,'Cabanaconde',36),(359,'Callalli',36),(360,'Caylloma',36),(361,'Chivay',36),(362,'Coporaque',36),(363,'Huambo',36),(364,'Huanca',36),(365,'Ichupampa',36),(366,'Lari',36),(367,'Lluta',36),(368,'Maca',36),(369,'Madrigal',36),(370,'San Antonio de Chuca',36),(371,'Sibayo',36),(372,'Tapay',36),(373,'Tisco',36),(374,'Tuti',36),(375,'Yanque',36),(376,'Camaná',37),(377,'José María Quimper',37),(378,'Mariano Nicolás Valcarcel',37),(379,'Mariscal Cáceres',37),(380,'Nicolás de Piérola',37),(381,'Ocoña',37),(382,'Quilca',37),(383,'Samuel Pastor',37),(384,'Caravelí',38),(385,'Acarí',38),(386,'Atico',38),(387,'Atiquipa',38),(388,'Bella Unió',38),(389,'Cahuacho',38),(390,'Chala',38),(391,'Chaparra',38),(392,'Huanuhuanu',38),(393,'Jaqui',38),(394,'Lomas',38),(395,'Quicacha',38),(396,'Yauca',38),(397,'Aplao',39),(398,'Andahua',39),(399,'Ayo',39),(400,'Chachas',39),(401,'Chilcaymarca',39),(402,'Choco',39),(403,'Huancarqui',39),(404,'Machaguay',39),(405,'Orcopampa',39),(406,'Pampacolca',39),(407,'Tipá',39),(408,'Uñó',39),(409,'Uraca',39),(410,'Viraco',39),(411,'Chuquibamba',40),(412,'Andaray',40),(413,'Cayarani',40),(414,'Chichas',40),(415,'Iray',40),(416,'Río Grande',40),(417,'Salamanca',40),(418,'Yanaquihua - Ispacas',40),(419,'Mollendo',41),(420,'Cocachacra',41),(421,'Deán Valdivia',41),(422,'Islay',41),(423,'Mejía',41),(424,'Punta de Bombó',41),(425,'Alca',42),(426,'Charcana',42),(427,'Huaynacotas',42),(428,'Pampamarca',42),(429,'Puyca',42),(430,'Quechualla',42),(431,'Sayla',42),(432,'Tauría',42),(433,'Tomepampa',42),(434,'Toro',42),(435,'Cangallo',43),(436,'Chuschi',43),(437,'Los Morochucos',43),(438,'María Parado de Bellido',43),(439,'Paras',43),(440,'Totos',43),(441,'Ayacucho',44),(442,'Acocro',44),(443,'Acos Vinchos',44),(444,'Carmen Alto',44),(445,'Chiara',44),(446,'Jesús Nazareno',44),(447,'Ocros',44),(448,'Pacaycasa',44),(449,'Quinua',44),(450,'San José de Ticllas',44),(451,'San Juan Bautista',44),(452,'Santiago de Pischa',44),(453,'Socos',44),(454,'Tambillo',44),(455,'Vinchos',44),(456,'Carapo',45),(457,'Sacsamarca',45),(458,'Sancos',45),(459,'Santiago de Lucanamarca',45),(460,'Huanta',46),(461,'Ayahuanco',46),(462,'Huamanguilla',46),(463,'Iguai',46),(464,'Llochegua',46),(465,'Luricocha',46),(466,'Santillana',46),(467,'Sivia',46),(468,'San Miguel',47),(469,'Anco',47),(470,'Ayna',47),(471,'Chilcas',47),(472,'Chungui',47),(473,'Luis Carranza',47),(474,'San Francisco',47),(475,'Santa Rosa',47),(476,'Tambo',47),(477,'Samugari1',47),(478,'Puquio',48),(479,'Aucara',48),(480,'Cabana',48),(481,'Carmen Salcedo',48),(482,'Chaviña',48),(483,'Chipao',48),(484,'Huac-Huas',48),(485,'Laramate',48),(486,'Leoncio Prado',48),(487,'Llauta',48),(488,'Lucanas',48),(489,'Ocaña',48),(490,'Otoca',48),(491,'Saisa',48),(492,'San Cristóbal',48),(493,'San Jua',48),(494,'San Pedro',48),(495,'San Pedro de Palco',48),(496,'Sancos',48),(497,'Santa Ana de Huaycahuacho',48),(498,'Santa Lucía',48),(499,'Coracora',49),(500,'Chumpi',49),(501,'Coronel Castañeda',49),(502,'Pacapausa',49),(503,'Pullo',49),(504,'Puyusca',49),(505,'San Francisco de Ravacayco',49),(506,'Upahuacho',49),(507,'Pauza',50),(508,'Colta',50),(509,'Corculla',50),(510,'Lampa',50),(511,'Marcabamba',50),(512,'Oyolo',50),(513,'Pararca',50),(514,'San Javier de Alpabamba',50),(515,'San José de Ushua',50),(516,'Sara Sara',50),(517,'Querobamba',51),(518,'Belé',51),(519,'Chalcos',51),(520,'Chilcayoc',51),(521,'Huacaña',51),(522,'Morcolla',51),(523,'Paico',51),(524,'San Pedro de Larcay',51),(525,'San Salvador de Quije',51),(526,'Santiago de Paucaray',51),(527,'Soras',51),(528,'Huancapi',52),(529,'Alcamenca',52),(530,'Apongo',52),(531,'Asquipata',52),(532,'Canaria',52),(533,'Cayara',52),(534,'Colca',52),(535,'Huamanquiquia',52),(536,'Huaya',52),(537,'Sarhua',52),(538,'Vilcanchos',52),(539,'Vilcashuamá',53),(540,'Accomarca',53),(541,'Carhuanca',53),(542,'Concepció',53),(543,'Huambalpa',53),(544,'Independencia',53),(545,'Saurama',53),(546,'Vischongo',53),(547,'Cachachi',54),(548,'Cajabamba',54),(549,'Condebamba',54),(550,'Sitacocha',54),(551,'Cajamarca',55),(552,'Asunció',55),(553,'Chetilla',55),(554,'Cospá',55),(555,'Jesús',55),(556,'Llacanora',55),(557,'La Encañada',55),(558,'Los Baños del Inca',55),(559,'Magdalena',55),(560,'Matará',55),(561,'Namora',55),(562,'San Jua',55),(563,'Celendí',56),(564,'Chumuch',56),(565,'Cortegana',56),(566,'Huasmi',56),(567,'Jorge Chávez',56),(568,'José Gálvez',56),(569,'La Libertad de Pallá',56),(570,'Miguel Iglesias',56),(571,'Oxamarca',56),(572,'Sorochuco',56),(573,'Sucre',56),(574,'Utco',56),(575,'Contumazá',57),(576,'Chilete',57),(577,'Cupisnique',57),(578,'Guzmango',57),(579,'San Benito',57),(580,'Santa Cruz de Toledo',57),(581,'Tantarica',57),(582,'Yoná',57),(583,'Cutervo',58),(584,'Callayuc',58),(585,'Choros',58),(586,'Cujillo',58),(587,'La Ramada',58),(588,'Pimpingos',58),(589,'Querocotillo',58),(590,'San Andrés de Cutervo',58),(591,'San Juan de Cutervo',58),(592,'San Luis de Lucma',58),(593,'Santa Cruz',58),(594,'Santo Domingo de la Capilla',58),(595,'Santo Tomás',58),(596,'Socota',58),(597,'Toribio Casanova',58),(598,'Chota',59),(599,'Anguía',59),(600,'Chadí',59),(601,'Chalamarca',59),(602,'Chiguirip',59),(603,'Chimba',59),(604,'Choropampa',59),(605,'Cochabamba',59),(606,'Conchá',59),(607,'Huambos',59),(608,'Lajas',59),(609,'Llama',59),(610,'Miracosta',59),(611,'Paccha',59),(612,'Pio',59),(613,'Querocoto',59),(614,'San Juan de Licupis',59),(615,'Tacabamba',59),(616,'Tocmoche',59),(617,'Bambamarca',60),(618,'Chugur',60),(619,'Hualgayoc',60),(620,'Jaé',61),(621,'Bellavista',61),(622,'Chontalí',61),(623,'Colasay',61),(624,'Huabal',61),(625,'Las Pirias',61),(626,'Pomahuaca',61),(627,'Pucará',61),(628,'Sallique',61),(629,'San Felipe',61),(630,'San José del Alto',61),(631,'Santa Rosa',61),(632,'San Ignacio',62),(633,'Chirinos',62),(634,'Huarango',62),(635,'La Coipa',62),(636,'Namballe',62),(637,'San José de Lourdes',62),(638,'Tabaconas',62),(639,'Pedro Gálvez',63),(640,'Eduardo Villanueva',63),(641,'Gregorio Pita',63),(642,'Ichocá',63),(643,'Jose Manuel Quiroz',63),(644,'José Sabogal',63),(645,'Chancay',63),(646,'San Miguel',64),(647,'Bolívar',64),(648,'Calquis',64),(649,'Catilluc',64),(650,'El Prado',64),(651,'La Florida',64),(652,'Llapa',64),(653,'Nanchoc',64),(654,'Niepos',64),(655,'San Gregorio',64),(656,'San Silvestre de Conchá',64),(657,'Tongod',64),(658,'Unión Agua Blanca',64),(659,'San Pablo',65),(660,'San Bernardino',65),(661,'San Luis',65),(662,'Tumbade',65),(663,'Santa Cruz',66),(664,'Andabamba',66),(665,'Catache',66),(666,'Chancaybaños',66),(667,'La Esperanza',66),(668,'Ninabamba',66),(669,'Pulá',66),(670,'Saucepampa',66),(671,'Sexi',66),(672,'Uticyacu',66),(673,'Yauyuca',66),(674,'Udima',66),(675,'Acomayo',67),(676,'Acopia',67),(677,'Acos',67),(678,'Mosoc Llacta',67),(679,'Pomacanchi',67),(680,'Rondoca',67),(681,'Sangarará',67),(682,'Anta',68),(683,'Ancahuasi',68),(684,'Cachimayo',68),(685,'Chinchaypujio',68),(686,'Huarocondo',68),(687,'Limatambo',68),(688,'Mollepata',68),(689,'Pucyura',68),(690,'Zurite',68),(691,'Calca',69),(692,'Coya',69),(693,'Lamay',69),(694,'Lares',69),(695,'Pisac',69),(696,'San Salvador',69),(697,'Taray',69),(698,'Yanatile',69),(699,'Yanaoca',70),(700,'Checca',70),(701,'Kunturkanki',70),(702,'Langui',70),(703,'Layo',70),(704,'Pampamarca',70),(705,'Quehue',70),(706,'Túpac Amaru',70),(707,'Sicuani',71),(708,'Checacupe',71),(709,'Combapata',71),(710,'Marangani',71),(711,'Pitumarca',71),(712,'San Pablo',71),(713,'San Pedro',71),(714,'Tinta',71),(715,'Cuzco',72),(716,'Ccorca',72),(717,'Poroy',72),(718,'San Jerónimo',72),(719,'San Sebastiá',72),(720,'Santiago',72),(721,'Saylla',72),(722,'Wanchaq',72),(723,'Santo Tomás',73),(724,'Capacmarca',73),(725,'Chamaca',73),(726,'Colquemarca',73),(727,'Livitaca',73),(728,'Llusco',73),(729,'Quiñota',73),(730,'Velille',73),(731,'Yauri',74),(732,'Condoroma',74),(733,'Coporaque',74),(734,'Ocoruro',74),(735,'Pallpata',74),(736,'Pichigua',74),(737,'Suykutambo',74),(738,'Alto Pichigua',74),(739,'Santa Ana',75),(740,'Echarate',75),(741,'Huayopata',75),(742,'Kimbiri',75),(743,'Maranura',75),(744,'Ocobamba',75),(745,'Pichari',75),(746,'Quelloúno',75),(747,'Santa Teresa',75),(748,'Vilcabamba',75),(749,'Paruro',76),(750,'Accha',76),(751,'Ccapi',76),(752,'Colcha',76),(753,'Huanoquite',76),(754,'Omacha',76),(755,'Paccaritambo',76),(756,'Pillpinto',76),(757,'Yaurisque',76),(758,'Paucartambo',77),(759,'Caicay',77),(760,'Challabamba',77),(761,'Colquepata',77),(762,'Huancarani',77),(763,'Kosñipata',77),(764,'Andahuaylillas',78),(765,'Camanti',78),(766,'Ccarhuayo',78),(767,'Ccatca',78),(768,'Cusipata',78),(769,'Huaro',78),(770,'Lucre',78),(771,'Marcapata',78),(772,'Ocongate',78),(773,'Oropesa',78),(774,'Quiquijana',78),(775,'Urcos',78),(776,'Urubamba',79),(777,'Chinchero',79),(778,'Huayllabamba',79),(779,'Machupicchu',79),(780,'Maras',79),(781,'Ollantaytambo',79),(782,'Yucay',79),(783,'Acobamba',80),(784,'Andabamba',80),(785,'Anta',80),(786,'Caja',80),(787,'Marcas',80),(788,'Paucará',80),(789,'Pomacocha',80),(790,'Rosario',80),(791,'Lircay',81),(792,'Anchonga',81),(793,'Callanmarca',81),(794,'Ccochaccasa',81),(795,'Chincho',81),(796,'Congalla',81),(797,'Huanca-Huanca',81),(798,'Huayllay Grande',81),(799,'Julcamarca',81),(800,'San Antonio de Antaparco',81),(801,'Santo Tomás de Pata',81),(802,'Seclla',81),(803,'Castrovirreyna',82),(804,'Arma',82),(805,'Aurahuá',82),(806,'Capillas',82),(807,'Chupamarca',82),(808,'Cocas',82),(809,'Huachos',82),(810,'Huamatambo',82),(811,'Mollepampa',82),(812,'San Jua',82),(813,'Santa Ana',82),(814,'Tantara',82),(815,'Ticrapo',82),(816,'Churcampa',83),(817,'Anco',83),(818,'Chinchihuasi',83),(819,'Cosme1',83),(820,'El Carme',83),(821,'La Merced',83),(822,'Locroja',83),(823,'Pachamarca',83),(824,'Paucarbamba',83),(825,'San Miguel de Mayocc',83),(826,'San Pedro de Coris',83),(827,'Acobambilla',84),(828,'Acoria',84),(829,'Ascenció',84),(830,'Conayca',84),(831,'Cuenca',84),(832,'Huachocolpa',84),(833,'Huando',84),(834,'Huancavelica',84),(835,'Huayllahuara',84),(836,'Izcuchaca',84),(837,'Laria',84),(838,'Manta',84),(839,'Mariscal Cáceres',84),(840,'Moya',84),(841,'Nuevo Occoro',84),(842,'Palca',84),(843,'Pilchaca',84),(844,'Vilca',84),(845,'Yauli',84),(846,'Huaytará',85),(847,'Ayaví',85),(848,'Córdova',85),(849,'Huayacundo Arma',85),(850,'Laramarca',85),(851,'Ocoyo',85),(852,'Pilpichaca',85),(853,'Querco',85),(854,'Quito-Arma',85),(855,'San Antonio de Cusicancha',85),(856,'San Francisco de Sangayaico',85),(857,'San Isidro',85),(858,'Santiago de Chocorvos',85),(859,'Santiago de Quirahuara',85),(860,'Santo Domingo de Capillas',85),(861,'Tambo',85),(862,'Pampas',86),(863,'Acostambo',86),(864,'Acraquía',86),(865,'Ahuaycha',86),(866,'Colcabamba',86),(867,'Daniel Hernández',86),(868,'Huachocolpa',86),(869,'Huaribamba',86),(870,'Ñahuimpuquio',86),(871,'Pazos',86),(872,'Quishuar',86),(873,'Salcabamba',86),(874,'Salcahuasi',86),(875,'San Marcos de Rocchac',86),(876,'Surcubamba',86),(877,'Tintay Puncu',86),(878,'Ambo',87),(879,'Cayna',87),(880,'Colpas',87),(881,'Conchamarca',87),(882,'Huacar',87),(883,'San Francisco',87),(884,'San Rafael',87),(885,'Tomay Kichwa',87),(886,'La Unió',88),(887,'Chuquis',88),(888,'Marías',88),(889,'Pachas',88),(890,'Quivilla',88),(891,'Ripá',88),(892,'Shunqui',88),(893,'Sillapata',88),(894,'Yanas',88),(895,'Huacaybamba',89),(896,'Canchabamba',89),(897,'Cochabamba',89),(898,'Pinra',89),(899,'Llata',90),(900,'Arancay',90),(901,'Chavín de Pariarca',90),(902,'Jacas Grande',90),(903,'Jirca',90),(904,'Miraflores',90),(905,'Monzó',90),(906,'Punchao',90),(907,'Puños',90),(908,'Singa',90),(909,'Tantamayo',90),(910,'Huanuquito',90),(911,'Huánuco',91),(912,'Amarilis',91),(913,'Chinchao',91),(914,'Churumbamba',91),(915,'Margos',91),(916,'Pillco Marca',91),(917,'Quisqui (Kichki)',91),(918,'San Francisco de Cayrá',91),(919,'San Pedro de Chaulá',91),(920,'Santa María del Valle',91),(921,'Yarumayo',91),(922,'Yacus',91),(923,'Rupa-Rupa',92),(924,'Daniel Alomía Robles',92),(925,'Hermilio Valdizá',92),(926,'José Crespo y Castillo',92),(927,'Luyando',92),(928,'Mariano Dámaso Beraú',92),(929,'Huacrachuco',93),(930,'Choló',93),(931,'San Buenaventura',93),(932,'Panao',94),(933,'Chaglla',94),(934,'Molino',94),(935,'Umari',94),(936,'Puerto Inca',95),(937,'Codo del Pozuzo',95),(938,'Honoria',95),(939,'Tournavista',95),(940,'Yuyapichis',95),(941,'Chavinillo',96),(942,'Cahuac',96),(943,'Chacabamba',96),(944,'Aparicio Pomares',96),(945,'Jacas Chico',96),(946,'Obas',96),(947,'Pampamarca',96),(948,'Choras',96),(949,'Baños',97),(950,'Jesús',97),(951,'Jivia',97),(952,'Queropalca',97),(953,'Rondos',97),(954,'San Francisco de Asís',97),(955,'San Miguel de Cauri',97),(956,'Lichkacachka',97),(957,'Chincha Alta',98),(958,'Alto Lará',98),(959,'Chaví',98),(960,'Chincha Baja',98),(961,'El Carme',98),(962,'Grocio Prado',98),(963,'Pueblo Nuevo',98),(964,'San Juan de Yanac',98),(965,'San Pedro de Huacarpana',98),(966,'Sunampe',98),(967,'Tambo de Mora',98),(968,'Ica',99),(969,'La Tinguiña',99),(970,'Los Aquijes',99),(971,'Ocucaje',99),(972,'Pachacutec',99),(973,'Parcona',99),(974,'Pueblo Nuevo',99),(975,'Salas',99),(976,'San José de los Molinos',99),(977,'San Juan Bautista',99),(978,'Santiago',99),(979,'Subtanjalla',99),(980,'Tate',99),(981,'Yauca del Rosario',99),(982,'Nazca',100),(983,'Changuillo',100),(984,'El Ingenio',100),(985,'Marcona',100),(986,'Vista Alegre',100),(987,'Palpa',101),(988,'Llipata',101),(989,'Río Grande',101),(990,'Santa Cruz',101),(991,'Tibillo',101),(992,'Pisco',102),(993,'Huancano',102),(994,'Humay',102),(995,'Independencia',102),(996,'Paracas',102),(997,'San Andrés',102),(998,'San Clemente',102),(999,'Túpac Amaru Inca',102),(1000,'Concepció',103),(1001,'Aco',103),(1002,'Andamarca',103),(1003,'Chambara',103),(1004,'Cochas',103),(1005,'Comas',103),(1006,'Heroínas Toledo',103),(1007,'Manzanares',103),(1008,'Mariscal Castilla',103),(1009,'Matahuasi',103),(1010,'Mito',103),(1011,'Nueve de Julio',103),(1012,'Orcotuna',103),(1013,'San José de Quero',103),(1014,'Santa Rosa de Ocopa',103),(1015,'Chanchamayo',104),(1016,'San Luis de Shuaro',104),(1017,'Perené',104),(1018,'Pichanaqui',104),(1019,'San Ramó',104),(1020,'Vitoc',104),(1021,'Chupaca',105),(1022,'Ahuac',105),(1023,'Chongos Bajo',105),(1024,'Huachac',105),(1025,'Huamancaca Chico',105),(1026,'San Juan de Yscos',105),(1027,'San Juan de Jarpa',105),(1028,'Tres de Diciembre',105),(1029,'Yanacancha',105),(1030,'Huancayo',106),(1031,'Carhuacallanga',106),(1032,'Chacapampa',106),(1033,'Chicche',106),(1034,'Chilca',106),(1035,'Chongos Alto',106),(1036,'Chupuro',106),(1037,'Colca',106),(1038,'Cullhuas',106),(1039,'El Tambo',106),(1040,'Huacrapuquio',106),(1041,'Hualhuas',106),(1042,'Huancá',106),(1043,'Huasicancha',106),(1044,'Huayucachi',106),(1045,'Ingenio',106),(1046,'Pariahuanca',106),(1047,'Pilcomayo',106),(1048,'Pucará',106),(1049,'Qhichuay',106),(1050,'Quilcas',106),(1051,'San Agustín de Cajas',106),(1052,'San Jerónimo de Tuná',106),(1053,'San Pedro de Saño',106),(1054,'Santo Domingo de Acobamba',106),(1055,'Sapallanga',106),(1056,'Sicaya',106),(1057,'Viques',106),(1058,'Jauja',107),(1059,'Acolla',107),(1060,'Apata',107),(1061,'Ataura',107),(1062,'Canchayllo',107),(1063,'Curicaca',107),(1064,'El Mantaro',107),(1065,'Huamalí',107),(1066,'Huaripampa',107),(1067,'Huertas',107),(1068,'Janjaillo',107),(1069,'Julcá',107),(1070,'Leonor Ordóñez',107),(1071,'Llocllapampa',107),(1072,'Marco',107),(1073,'Masma',107),(1074,'Masma Chicche',107),(1075,'Molinos',107),(1076,'Monobamba',107),(1077,'Muqui',107),(1078,'Muquiyauyo',107),(1079,'Paca',107),(1080,'Paccha',107),(1081,'Pancá',107),(1082,'Parco',107),(1083,'Pomacancha',107),(1084,'Ricrá',107),(1085,'San Lorenzo',107),(1086,'San Pedro de Chuná',107),(1087,'Sausa',107),(1088,'Sincos',107),(1089,'Tunan Marca',107),(1090,'Yauli',107),(1091,'Yauyos',107),(1092,'Juní',108),(1093,'Carhuamayo',108),(1094,'Ondores',108),(1095,'Ulcumayo',108),(1096,'Satipo',109),(1097,'Coviriali',109),(1098,'Llaylla',109),(1099,'Mazamari',109),(1100,'Pampa Hermosa',109),(1101,'Pangoa',109),(1102,'Río Negro',109),(1103,'Río Tambo',109),(1104,'Tarma',110),(1105,'Acobamba',110),(1106,'Huaricolca',110),(1107,'Huasahuasi',110),(1108,'La Unió',110),(1109,'Palca',110),(1110,'Palcamayo',110),(1111,'San Pedro de Cajas',110),(1112,'Tapo',110),(1113,'La Oroya',111),(1114,'Cacapalpa',111),(1115,'Huay-Huay',111),(1116,'Marcapomacocha',111),(1117,'Morococha',111),(1118,'Paccha',111),(1119,'Santa Barbara de Carhuacayá',111),(1120,'Santa Rosa de Sacco',111),(1121,'Suitucancha',111),(1122,'Yauli',111),(1123,'Ascope',112),(1124,'Chicama',112),(1125,'Chocope',112),(1126,'Magdalena de Cao',112),(1127,'Paijá',112),(1128,'Rázuri',112),(1129,'Santiago de Cao',112),(1130,'Casa Grande',112),(1131,'Bolívar',113),(1132,'Bambamarca',113),(1133,'Condormarca',113),(1134,'Longotea',113),(1135,'Uchumarca',113),(1136,'Ucuncha',113),(1137,'Chepé',114),(1138,'Pacanga',114),(1139,'Pueblo Nuevo',114),(1140,'Cascas',115),(1141,'Lucma',115),(1142,'Marmot',115),(1143,'Sayapullo',115),(1144,'Julcá',116),(1145,'Calamarca',116),(1146,'Carabamba',116),(1147,'Huaso',116),(1148,'Otuzco',117),(1149,'Agallpampa',117),(1150,'Charat',117),(1151,'Huaranchal',117),(1152,'La Cuesta',117),(1153,'Mache',117),(1154,'Paranday',117),(1155,'Salpo',117),(1156,'Sinsicap',117),(1157,'Usquil',117),(1158,'San Pedro de Lloc',118),(1159,'Guadalupe',118),(1160,'Jequetepeque',118),(1161,'Pacasmayo',118),(1162,'San José',118),(1163,'Tayabamba',119),(1164,'Buldibuyo',119),(1165,'Chillia',119),(1166,'Huancaspata',119),(1167,'Huaylillas',119),(1168,'Huayo',119),(1169,'Ongó',119),(1170,'Parcoy',119),(1171,'Patáz',119),(1172,'Pías',119),(1173,'Challas',119),(1174,'Taurija',119),(1175,'Urpay',119),(1176,'Huamachuco',120),(1177,'Chugay',120),(1178,'Cochorco',120),(1179,'Curgos',120),(1180,'Marcabal',120),(1181,'Sanagorá',120),(1182,'Sarí',120),(1183,'Sartimbamba',120),(1184,'Santiago de Chuco',121),(1185,'Angasmarca',121),(1186,'Cachicadá',121),(1187,'Mollebamba',121),(1188,'Mollepata',121),(1189,'Quiruvilca',121),(1190,'Santa Cruz de Chuca',121),(1191,'Sitabamba',121),(1192,'Trujillo',122),(1193,'El Porvenir',122),(1194,'Florencia de Mora',122),(1195,'Huanchaco',122),(1196,'La Esperanza',122),(1197,'Laredo',122),(1198,'Moche',122),(1199,'Poroto',122),(1200,'Salaverry',122),(1201,'Simbal',122),(1202,'Victor Larco',122),(1203,'Virú',123),(1204,'Chao',123),(1205,'Guadalupito',123),(1206,'Chiclayo',124),(1207,'Cayalti',124),(1208,'Chongoyape',124),(1209,'Eté',124),(1210,'Puerto Eté',124),(1211,'José Leonardo Ortiz',124),(1212,'La Victoria',124),(1213,'Lagunas',124),(1214,'Monsefu',124),(1215,'Nueva Arica',124),(1216,'Oyotú',124),(1217,'Patapo',124),(1218,'Picsi',124),(1219,'Pimentel',124),(1220,'Pomalca',124),(1221,'Pucalá',124),(1222,'Reque',124),(1223,'Santa Rosa',124),(1224,'Tumá',124),(1225,'Saña',124),(1226,'Ferreñafe',125),(1227,'Cañaris',125),(1228,'Incahuasi',125),(1229,'Manuel Antonio Mesones Muro',125),(1230,'Pítipo',125),(1231,'Pueblo Nuevo',125),(1232,'Lambayeque',126),(1233,'Chóchope',126),(1234,'Íllimo',126),(1235,'Jayanca',126),(1236,'Mochumí',126),(1237,'Mórrope',126),(1238,'Motupe',126),(1239,'Olmos',126),(1240,'Pacora',126),(1241,'Salas',126),(1242,'San José',126),(1243,'Túcume',126),(1244,'Barranca',127),(1245,'Paramonga',127),(1246,'Pativilca',127),(1247,'Supe',127),(1248,'Supe Puerto',127),(1249,'Manás',128),(1250,'Gorgor',128),(1251,'Huancapó',128),(1252,'Cajatambo',128),(1253,'Copa',128),(1254,'Canta',129),(1255,'Arahuay',129),(1256,'Huamantanga',129),(1257,'Huaros',129),(1258,'Lachaqui',129),(1259,'San Buenaventura',129),(1260,'Santa Rosa de Quives',129),(1261,'Asia',130),(1262,'Calango',130),(1263,'Cerro Azul',130),(1264,'Chilca',130),(1265,'Coayllo',130),(1266,'Imperial',130),(1267,'Lunahuaná',130),(1268,'Mala',130),(1269,'Nuevo Imperial',130),(1270,'Pacará',130),(1271,'Quilmaná',130),(1272,'San Antonio',130),(1273,'San Luis',130),(1274,'San Vicente de Cañete',130),(1275,'Santa Cruz de Flores',130),(1276,'Zúñiga',130),(1277,'27 de noviembre',131),(1278,'Atavillos Alto',131),(1279,'Atavillos Bajo',131),(1280,'Aucallama',131),(1281,'Chancay',131),(1282,'Huaral',131),(1283,'Ihuarí',131),(1284,'Lampía',131),(1285,'Pacaraos',131),(1286,'Santa Cruz de Andamarca',131),(1287,'Sumbilca',131),(1288,'San Miguel de Acos',131),(1289,'Matucana',132),(1290,'Antioquía',132),(1291,'Callahuanca',132),(1292,'Carampoma',132),(1293,'Chicla',132),(1294,'Cuenca',132),(1295,'Huachupampa',132),(1296,'Huanza',132),(1297,'Huarochirí',132),(1298,'Lahuaytambo',132),(1299,'Langa',132),(1300,'Laraos',132),(1301,'Mariatana',132),(1302,'Ricardo Palma',132),(1303,'San Andrés de Tupicocha',132),(1304,'San Antonio de Chaclla',132),(1305,'San Bartolomé',132),(1306,'San Damiá',132),(1307,'San Juan de Iris',132),(1308,'San Juan de Tantaranche',132),(1309,'San Lorenzo de Quinti',132),(1310,'San Mateo',132),(1311,'San Mateo de Otao',132),(1312,'San Pedro de Casta',132),(1313,'San Pedro de Huancayre',132),(1314,'Sangallaya',132),(1315,'Santa Cruz de Cocachacra',132),(1316,'Santa Eulalia',132),(1317,'Santiago de Anchucaya',132),(1318,'Santiago de Tuna',132),(1319,'Santo Domingo de los Olleros',132),(1320,'San Jerónimo de Surco',132),(1321,'Huacho',133),(1322,'Ámbar',133),(1323,'Caleta de Carquí',133),(1324,'Checras',133),(1325,'Hualmay',133),(1326,'Huaura',133),(1327,'Leoncio Prado',133),(1328,'Paccho',133),(1329,'Santa Leonor',133),(1330,'Santa María',133),(1331,'Sayá',133),(1332,'Vegueta',133),(1333,'Lima',134),(1334,'Ancó',134),(1335,'Ate',134),(1336,'Barranco',134),(1337,'Breña',134),(1338,'Carabayllo',134),(1339,'Chaclacayo',134),(1340,'Chorrillos',134),(1341,'Cieneguilla',134),(1342,'Comas',134),(1343,'El Agustino',134),(1344,'Independencia',134),(1345,'Jesús María',134),(1346,'La Molina',134),(1347,'La Victoria',134),(1348,'Lince',134),(1349,'Los Olivos',134),(1350,'Lurigancho-Chosica',134),(1351,'Luri',134),(1352,'Magdalena del Mar',134),(1353,'Pueblo Libre',134),(1354,'Miraflores',134),(1355,'Pachacámac',134),(1356,'Pucusana',134),(1357,'Puente Piedra',134),(1358,'Punta Hermosa',134),(1359,'Punta Negra',134),(1360,'Rímac',134),(1361,'San Bartolo',134),(1362,'San Borja',134),(1363,'San Isidro',134),(1364,'San Juan de Lurigancho',134),(1365,'San Juan de Mirafloresv',134),(1366,'San Luis',134),(1367,'San Martín de Porres',134),(1368,'San Miguel',134),(1369,'Santa Anita',134),(1370,'Santa María del Mar',134),(1371,'Santa Rosa',134),(1372,'Santiago de Surco',134),(1373,'Surquillo',134),(1374,'Villa El Salvador',134),(1375,'Villa María del Triunfo',134),(1376,'Oyó',135),(1377,'Andajes',135),(1378,'Caujul',135),(1379,'Cochamarca',135),(1380,'Navá',135),(1381,'Pachangara',135),(1382,'Yauyos',136),(1383,'Alis',136),(1384,'Ayauca',136),(1385,'Ayaviri',136),(1386,'Azángaro',136),(1387,'Cacra',136),(1388,'Carania',136),(1389,'Catahuasi',136),(1390,'Chocos',136),(1391,'Cochas',136),(1392,'Colonia',136),(1393,'Hongos',136),(1394,'Huampara',136),(1395,'Huancaya',136),(1396,'Huangáscar',136),(1397,'Huantá',136),(1398,'Huañec',136),(1399,'Laraos',136),(1400,'Lincha',136),(1401,'Madea',136),(1402,'Miraflores',136),(1403,'Omas',136),(1404,'San Lorenzo de Putinza',136),(1405,'Quinches',136),(1406,'Quinocay',136),(1407,'San Joaquí',136),(1408,'San Pedro de Pilas',136),(1409,'Tanta',136),(1410,'Tauripampa',136),(1411,'Tomas',136),(1412,'Tupe',136),(1413,'Viñac',136),(1414,'Vitis',136),(1415,'Prov. Const. Callao',137),(1416,'Yurimaguas',138),(1417,'Balsapuerto',138),(1418,'Jeberos',138),(1419,'Lagunas',138),(1420,'Santa Cruz',138),(1421,'Teniente César López Rojas',138),(1422,'Nauta',139),(1423,'Parinari',139),(1424,'Tigre',139),(1425,'Trompeteros',139),(1426,'Urarinas',139),(1427,'Ramón Castilla',140),(1428,'Pebas',140),(1429,'Yavari',140),(1430,'San Pablo',140),(1431,'Iquitos',141),(1432,'Alto Nanay',141),(1433,'Fernando Lores',141),(1434,'Indiana',141),(1435,'Las Amazonas',141),(1436,'Mazá',141),(1437,'Napo',141),(1438,'Punchana',141),(1439,'Putumayo',141),(1440,'Torres Causana',141),(1441,'Bele',141),(1442,'San Juan Bautista',141),(1443,'Teniente Manuel Clavero',141),(1444,'Requena',142),(1445,'Alto Tapiche',142),(1446,'Capelo',142),(1447,'Emilio San Martí',142),(1448,'Maquía',142),(1449,'Puinahua',142),(1450,'Saquena',142),(1451,'Sopli',142),(1452,'Tapiche',142),(1453,'Jenaro Herrera',142),(1454,'Yaquerana',142),(1455,'Contamana',143),(1456,'Inahuaya',143),(1457,'Padre Márquez',143),(1458,'Pampa Hermosa',143),(1459,'Sarayacu',143),(1460,'Alfredo Vargas Guerra',143),(1461,'Yanayacu',143),(1462,'Manu',144),(1463,'Fitzcarrald',144),(1464,'Madre de Dios',144),(1465,'Huepetuhe',144),(1466,'Iñapari',145),(1467,'Iberia',145),(1468,'Tahuamanu',145),(1469,'Tambopata',146),(1470,'Inambari',146),(1471,'Las Piedras',146),(1472,'Laberinto',146),(1473,'Ilo',147),(1474,'El Algarrobal',147),(1475,'Pacocha',147),(1476,'Moquegua',148),(1477,'Carumas',148),(1478,'Cuchumbaya',148),(1479,'Samegua',148),(1480,'San Cristobal de Calacoa',148),(1481,'Torata',148),(1482,'Omate',149),(1483,'Chojata',149),(1484,'Coalaque',149),(1485,'Ichuña',149),(1486,'La Capilla',149),(1487,'Lloque',149),(1488,'Matalaque',149),(1489,'Puquina',149),(1490,'Quinistaquillas',149),(1491,'Ubinas',149),(1492,'Yunga',149),(1493,'Yanahuanca',150),(1494,'Chacayá',150),(1495,'Goyllarisquizga',150),(1496,'Paucar',150),(1497,'San Pedro de Pillao',150),(1498,'Santa Ana de Tusi',150),(1499,'Tapuc',150),(1500,'Vilcabamba',150),(1501,'Oxapampa',151),(1502,'Chontabamba',151),(1503,'Huancabamba',151),(1504,'Palcazú',151),(1505,'Pozuzo',151),(1506,'Puerto Bermúdez',151),(1507,'Villa Rica',151),(1508,'Ciudad Constitució',151),(1509,'Chaupimarca',152),(1510,'Huachó',152),(1511,'Huariaca',152),(1512,'Huayllay',152),(1513,'Ninacaca',152),(1514,'Pallanchacra',152),(1515,'Paucartambo',152),(1516,'San Francisco de Asís de Yarusyacá',152),(1517,'Simón Bolívar',152),(1518,'Ticlacayá',152),(1519,'Tinyahuarco',152),(1520,'Vicco',152),(1521,'Yanacancha',152),(1522,'Ayabaca',153),(1523,'Frías',153),(1524,'Jililí',153),(1525,'Lagunas',153),(1526,'Montero',153),(1527,'Pacaipampa',153),(1528,'Paimas',153),(1529,'Sapillica',153),(1530,'Sicchez',153),(1531,'Suyo',153),(1532,'Huancabamba',154),(1533,'Canchaque',154),(1534,'El Carmen de la Frontera',154),(1535,'Huarmaca',154),(1536,'Lalaquiz',154),(1537,'San Miguel de El Faique',154),(1538,'Sondor',154),(1539,'Sondorillo',154),(1540,'Chulucanas',155),(1541,'Buenos Aires',155),(1542,'Chalaco',155),(1543,'La Matanza',155),(1544,'Morropó',155),(1545,'Salitral',155),(1546,'San Juan de Bigote',155),(1547,'Santa Catalina de Mossa',155),(1548,'Santo Domingo',155),(1549,'Yamango',155),(1550,'Paita',156),(1551,'Amotape',156),(1552,'Colá',156),(1553,'El Arenal',156),(1554,'La Huaca',156),(1555,'Tamarindo',156),(1556,'Vichayal',156),(1557,'Piura',157),(1558,'Castilla',157),(1559,'Catacaos',157),(1560,'Cura Mori',157),(1561,'El Tallá',157),(1562,'La Arena',157),(1563,'La Unió',157),(1564,'Las Lomas',157),(1565,'Tambo Grande',157),(1566,'Sechura',158),(1567,'Bellavista de la Unió',158),(1568,'Bernal',158),(1569,'Cristo nos Valga',158),(1570,'Rinconada Llicuar',158),(1571,'Vice',158),(1572,'Sullana',159),(1573,'Bellavista',159),(1574,'Ignacio Escudero',159),(1575,'Lancones',159),(1576,'Marcavelica',159),(1577,'Miguel Checa',159),(1578,'Querecotillo',159),(1579,'Salitral',159),(1580,'Pariñas',160),(1581,'El Alto',160),(1582,'La Brea',160),(1583,'Lobitos',160),(1584,'Los Órganos',160),(1585,'Máncora',160),(1586,'Azángaro',161),(1587,'Achaya',161),(1588,'Arapa',161),(1589,'Asillo',161),(1590,'Caminaca',161),(1591,'Chupa',161),(1592,'José Domingo Choquehuanca',161),(1593,'Muñani',161),(1594,'Potoni',161),(1595,'Samá',161),(1596,'San Antó',161),(1597,'San José',161),(1598,'San Juan de Salinas',161),(1599,'Santiago de Pupuja',161),(1600,'Tirapata',161),(1601,'Ajoyani',162),(1602,'Ayapata',162),(1603,'Coasa',162),(1604,'Corani',162),(1605,'Crucero',162),(1606,'Ituata',162),(1607,'Macusani',162),(1608,'Ollachea',162),(1609,'San Gabá',162),(1610,'Usicayos',162),(1611,'Desaguadero',163),(1612,'Huacullani',163),(1613,'Juli',163),(1614,'Kelluyo',163),(1615,'Pisacoma',163),(1616,'Pomata',163),(1617,'Zepita',163),(1618,'Capazo',164),(1619,'Conduriri',164),(1620,'Ilave',164),(1621,'Pilcuyo',164),(1622,'Santa Rosa',164),(1623,'Cojata',165),(1624,'Huancané',165),(1625,'Huatasani',165),(1626,'Inchupalla',165),(1627,'Pusi',165),(1628,'Rosaspata',165),(1629,'Taraco',165),(1630,'Vilque Chico',165),(1631,'Cabanilla',166),(1632,'Calapuja',166),(1633,'Lampa',166),(1634,'Nicasio',166),(1635,'Ocuviri',166),(1636,'Palca',166),(1637,'Paratia',166),(1638,'Pucará',166),(1639,'Santa Lucía',166),(1640,'Vilavila',166),(1641,'Antauta',167),(1642,'Ayaviri',167),(1643,'Cupi',167),(1644,'Llalli',167),(1645,'Macari',167),(1646,'Ñuñoa',167),(1647,'Orurillo',167),(1648,'Santa Rosa',167),(1649,'Umachiri',167),(1650,'Conina',168),(1651,'Huayrapata',168),(1652,'Moho',168),(1653,'Tilali',168),(1654,'Ananea',169),(1655,'Pedro Vilca Apaza',169),(1656,'Putina',169),(1657,'Quilcapuncu',169),(1658,'Sina',169),(1659,'Cabana',170),(1660,'Cabanillas',170),(1661,'Caracoto',170),(1662,'Juliaca',170),(1663,'Massiapo',171),(1664,'Cuyocuyo',171),(1665,'Limbani',171),(1666,'Patambuco',171),(1667,'Quiaca',171),(1668,'San Juan del Oro',171),(1669,'San Pedro de Putina Punco',171),(1670,'Sandia',171),(1671,'Yanahuaya',171),(1672,'Phara',171),(1673,'Ácora',172),(1674,'Amantaní',172),(1675,'Atuncolla',172),(1676,'Capachica',172),(1677,'Chucuito',172),(1678,'Coata',172),(1679,'Huata',172),(1680,'Mañazo',172),(1681,'Paucarcolla',172),(1682,'Pichacani',172),(1683,'Platería',172),(1684,'Puno',172),(1685,'San Antonio',172),(1686,'Tiquillaca',172),(1687,'Vilque',172),(1688,'Yunguyo',173),(1689,'Anapia',173),(1690,'Copani',173),(1691,'Cuturapi',173),(1692,'Ollaraya',173),(1693,'Tinicachi',173),(1694,'Unicachi',173),(1695,'Bellavista',174),(1696,'Alto Biavo',174),(1697,'Bajo Biavo',174),(1698,'Huallaga',174),(1699,'San Pablo',174),(1700,'San Rafael',174),(1701,'San José de Sisa',175),(1702,'Agua Blanca',175),(1703,'San Martí',175),(1704,'Santa Rosa',175),(1705,'Shantoja',175),(1706,'Saposoa',176),(1707,'Alto Saposoa',176),(1708,'El Eslabó',176),(1709,'Piscoyacu',176),(1710,'Sacanche',176),(1711,'Tingo de Saposoa',176),(1712,'Lamas',177),(1713,'Alonso de Alvarado',177),(1714,'Barranquita',177),(1715,'Caynarachi',177),(1716,'Cuñumbuqui',177),(1717,'Pinto Recodo',177),(1718,'Rumisapa',177),(1719,'San Roque de Cumbaza',177),(1720,'Shanao',177),(1721,'Tabalosos',177),(1722,'Zapatero',177),(1723,'Juanjuí',178),(1724,'Campanilla',178),(1725,'Huicungo',178),(1726,'Pachiza',178),(1727,'Pajarillo',178),(1728,'Juanjuicillo',178),(1729,'Moyobamba',179),(1730,'Calzada',179),(1731,'Habana',179),(1732,'Jepelacio',179),(1733,'Soritor',179),(1734,'Yantalo',179),(1735,'Picota',180),(1736,'Buenos Aires',180),(1737,'Caspisapa',180),(1738,'Pilluana',180),(1739,'Pucacaca',180),(1740,'San Cristóbal',180),(1741,'San Hilarió',180),(1742,'Shamboyacu',180),(1743,'Leoncio Prado',180),(1744,'Tingo de Ponazav',180),(1745,'Tres Unidos',180),(1746,'Rioja',181),(1747,'Awajú',181),(1748,'Elías Soplín Vargas',181),(1749,'Nueva Cajamarca',181),(1750,'Pardo Miguel',181),(1751,'Posic',181),(1752,'San Fernando',181),(1753,'Yorongos',181),(1754,'Yuracyacu',181),(1755,'Tarapoto',182),(1756,'Alberto Leveau',182),(1757,'Cacatachi',182),(1758,'Chazuta',182),(1759,'Chipurana',182),(1760,'El Porvenir',182),(1761,'Huimbayoc',182),(1762,'Juan Guerra',182),(1763,'La Banda de Shilcayo',182),(1764,'Morales',182),(1765,'Papaplaya',182),(1766,'San Antonio',182),(1767,'Sauce',182),(1768,'Shapaja',182),(1769,'Tocache',183),(1770,'Nuevo Progreso',183),(1771,'Pólvora',183),(1772,'Shunte',183),(1773,'Uchiza',183),(1774,'Candarave',184),(1775,'Cairani',184),(1776,'Camilaca',184),(1777,'Curibaya',184),(1778,'Huanuara',184),(1779,'Quilahuani',184),(1780,'Ilabaya',185),(1781,'Ite',185),(1782,'Locumba',185),(1783,'Tacna',186),(1784,'Alto de la Alianza',186),(1785,'Calana',186),(1786,'Ciudad Nueva',186),(1787,'Coronel Gregorio Albarracín Lanchipa',186),(1788,'Inclá',186),(1789,'Pachía',186),(1790,'Palca',186),(1791,'Pocollay',186),(1792,'Sama',186),(1793,'Tarata',187),(1794,'Chucatamani',187),(1795,'Estique',187),(1796,'Estique-Pampa',187),(1797,'Sitajara',187),(1798,'Susapaya',187),(1799,'Tarucachi',187),(1800,'Ticaco',187),(1801,'Canoas de Punta Sal',188),(1802,'Casitas',188),(1803,'Zorritos',188),(1804,'Tumbes',189),(1805,'Corrales',189),(1806,'La Cruz',189),(1807,'Pampas de Hospital',189),(1808,'San Jacinto',189),(1809,'San Juan de la Virge',189),(1810,'Zarumilla',190),(1811,'Aguas Verdes',190),(1812,'Matapalo',190),(1813,'Papayal',190),(1814,'Raimondi',191),(1815,'Sepahua',191),(1816,'Tahuanía',191),(1817,'Yurúa',191),(1818,'Callería',192),(1819,'Campoverde',192),(1820,'Iparía',192),(1821,'Manantay',192),(1822,'Masisea',192),(1823,'Yarinacocha',192),(1824,'Nueva Requena',192),(1825,'Padre Abad',193),(1826,'Irazola',193),(1827,'Curimaná',193),(1828,'Purús',194);
/*!40000 ALTER TABLE `distrito` ENABLE KEYS */;
UNLOCK TABLES;

--
-- Table structure for table `empresa`
--

DROP TABLE IF EXISTS `empresa`;
/*!40101 SET @saved_cs_client     = @@character_set_client */;
/*!40101 SET character_set_client = utf8 */;
CREATE TABLE `empresa` (
  `idEmpresa` int(11) NOT NULL AUTO_INCREMENT,
  `nombreComercial` varchar(150) DEFAULT NULL,
  `nombre` varchar(150) DEFAULT NULL,
  `slogan` varchar(150) DEFAULT NULL,
  `ruc` varchar(11) DEFAULT NULL,
  `puntos` int(11) DEFAULT NULL,
  `fechaRegistro` datetime DEFAULT NULL,
  `logo` blob,
  `banner` blob,
  `estado` int(11) DEFAULT NULL,
  `fechaUpdate` datetime DEFAULT NULL,
  PRIMARY KEY (`idEmpresa`)
) ENGINE=InnoDB AUTO_INCREMENT=8 DEFAULT CHARSET=utf8;
/*!40101 SET character_set_client = @saved_cs_client */;

--
-- Dumping data for table `empresa`
--

LOCK TABLES `empresa` WRITE;
/*!40000 ALTER TABLE `empresa` DISABLE KEYS */;
INSERT INTO `empresa` VALUES (6,'telo XD','telo XD','telos asa','12123123122',0,'2015-05-19 19:19:32','PNG\r\n\Z\n\0\0\0\rIHDR\0\0\0d\0\0\0`\0\0\0sB\0\0 \0IDATx^\\ul*] TCDX@Q/TUr>JRRiAz$$lM3g~f[\Zp-3gy~O$Ud}D(!NO>	@2_+oƏl*eMφ^^y)Wox\\vGGkW *|.d41+*\Z*T)5jt2J8p]\\ЯXo+7Y-謈s%?ɁnX\\Qu1>/CV<{%mx*TqTw[5k`Bt5PT!HQ)2)\0=0i}!\0KYQ95M̫5q-tϒ%Z_Ɯ\0fsZ	~RIE5#f6ɥU@bH}J>$Z/)\nzad{R\0m!`0DƏ%4onNf@\n\\דF!*%ɾnDHΑzhrxABrɀB@{;e^RRϻK\"h,=_f\"J^xF]?Dx?gBM%TBrkm[V\r!yͬMTBb\'+jUT*G<1~\"9<Om]x7{sd\rs\\%o	Y0;B>H5׮HJ%SJ0٨30\nS[IZ:K(^*W٤\0;QDbZy%GA|Zj_@3*rJ#\Z*gW\nHP\0ue4J\\CedMq_s0gM2\rU4S*jQ9-hϋWCUjhPkitmMPA>È/+~sgM=\Z3ʤS*uvuSZ܋z/s~},j(}2	pxs h*h0Gb)\\ar=:$a\\{#N5kzUgCqq\n h;C԰r5yb=^o;sy!W?>OoϾFS`&!%WK	u?}k	Fi\nCx,hQ|^|E2\\(T+E≺8ev\\zM5MnX1zJHTgH\n8SSAb\0\rAҷݤO&e}\\*J,Aφck(ҕ7?ot֨0$Hph]0ĸ<`0\n3fr#!5q*j @T\";\nX`v .p$fjǾ^>`t\"TjczsT<+*yL▵6_gznpuB\nOMpav$oXԯRI(ʋT;iJ\ZQ{A.l;+ؓJbD9=lsYP`	CܧPH\ZW˲dcS(9Pȇ8%|	uCH4Wc!8ڋmz/TTn\Zʤ̂&67-jf~H1xN	M*ACјi:@$xY^ڭ[@.ZFlS0<Ki\Z?rLIwk5>f9CVxR+E:+ؤ6\"c,@V9$Ts\0,\n\0,ww/\"e6\0C-Zuq`\ZA\ZZ5\"c9-)O<z-59KQrn.M$\"a0lUJ8JaH8xU|u%Aٲ\"0w+k~5y6_V=D^ZcQx6+)Zyy<rNhqaZ}eFqYܬy\'}~-z%Up^9k6϶{kl |Y`z^Sߨ\\![/\'nU!Nm(魶k̐𚨎m<DP\nh;0W#:d\']%qyq:*\"4Srq`v.\Zs:eHUݴdۚz>~t4Z!-q=>S}wkgQF9C6(%YX58] H5~i9.Jj]7/W3/55^BB?O^`^P۷EZҁHQ.RCTQu{$Gj\0\Z\'|,WT\r6\\Kz!vq\\>?ҤhP?4Sin6I4+Nʮ8e}1\rj( >	`QubϿgv?HT`B\r\0D(ӥE ɫFK-t̺qڶm!W6*P9*7_5h.\0Qȡ`󏵄\0w\nZwߠ~\"sf;\"5#r=0.\n$-X`Td^I4AKRiSDłjEfU=]1UYZd.&ȘjQ	\Z\\r^8N-RVƬ+<\"	1RŘ+J5t܉Cm.=O[$fՓYk$|p\'^ІC0+W;OuڷxU,ePIцi+uS##f#O/  nq}\'؍4KA+׿ C?83Q(#ٖ JF\\%(nV!QqYOߦF\'2(c?hdbT{&\'?S yAu߸UJp86j\0g֐8z~OScg_14lrۥh2cvzp\\HZ̖\0@@m\r-!!%1#TwdH)dgHGg_CXc!~wާgE|R!Һ}<$C\"VsRA3H1=w/^*ÖB7RS<~ѩˍ\Z!aCEcT.w9A!6MDN-Y k0,\'u`<<³y脥K/Ttí!bFjZST紂吋Lʅ9\"M=d<7+@cUe&,VO)nܨʕ\nL(ӜVFP=\r	tEd\ZH:YrC^&:jHFȝ=nyk+6!6kN=YEh,+ s`\\í!2R;W.\'³W_**A+)B,*qHZs\rWiW89Agvi&MXeU|n6zoV^{`HB\'xϝTg֩+E!pN.tᤔxe\Zz:/:I;fjv\"JIt2^׽;c!>ʝ>pc!xK֧(*\Zy}IhvA~wk\ZpP8ϙ17K/[n/#$xǆ~ys!aEOs!V#l?EOl?k0r\Zv;6(g2ˣaw-\',\'paA>>^-+VKcH\07kҳgzrgvCcS`cLBi[W][AcB\Z`OSYHE\rD+#ѳ1fI%y!}>pu=9k5v/KW=<}aWmO\\ŠX@++OW(/\"13Jy7pzXJW}ޘ\0t0*^ `u\nf\0W,Bx^g+Ɗi)c!.Q-iU`Q!,kŒxGcu.e=7,}.=W[$9TvF\ZCpg}a	oH\nH/]Eq%Vz\0p\0/?W{|69Aıڦ6	Oꪦf5z)UBտuIz	5#`28EA޽,h7i N65$By\na59.b|U[BTk\'g)1olnxIk.,h^>y&;>Vu|(Ό1nj{z^X\r	1Υ2P\Z!1ze)\n0ʓ1Ɛ\nI%ڷ xҏ=1:1{5yԻZc[}Vۧ#鿯9C|X\0PmC_zPxj{Jk\n_.k(\r\rK\n%Tt۫/75fY?O}/ia<n\0,V%<l>XUҸ5	fm ,\rl^CR:T\0}Z%A*D\n10<7e[_Km7h$$M#Zc!(Pb^\0VyUںbpTWCbmR0]3Gh})55by\nF*P|]e9Q Ǿ*eD27TJ>tvt\Zc3dFD;	SߋUBi:\\gHiTW̌C~kutRNT,29%6\"v\"ը=PG{7J)]NmUبk|H83V,SWwA1X˩qRA{?;}F!jӫVΧ1<@I@]\"j?ms1ezO=V׽ifyz^Di]j\Z7Q\':k3ȼp.ɫq}1Ɛ2m5[l.vQK5!Ƭk	cXͯ:7֠I.=9 e-ƶh1>w@+L\'qH/i\'Tû	oK3ZBW釁߻gPELb;DxB\'bHn\"nE}Hx5Gy[`1a=ái*p/ߛ)3[e?V/IΆhCzM	CX\neϛ32,&L	mKvv,E\"A-zKmrj\r޲P$%$쨖r	yjyIB>yWv²I~\"!FR(wjjQzMk89Ew,Sq_F-z8A8\r	h=Ɛgxǂ!tb	ٽ\r\\4<E;.pF}vCX.ŵ֐	QGT^B#J\r]eQxaGBOyEǅ!LGw,E՘Z0b\0@*v30d4	;%@πm\\	vFw	\0́wPG<)56fPyOiCp\rT&2mq6͊9j>ŘJgu=`/CԻ?o]@uM꯲f1!S.Z{;Jc2;D{DH֐b.MR}D\0_mQBBR_zKDV_g<8dV4X,t|_Rv	3{p4Q;niҫA\n5Z	o2AG:ϛҏ?T:zCS}nF0Qյ 617><Y_)Uؒ>qgCy74NF<t;}Ֆfxy-8c1_`-s=aLiQ<3TW(ns>\n/{Smɼ	\'LK\\#-?Q~]\'ʷ4Nla`tQOާ;U\\9t!k3)?I9L1;_~sVRRmp\"z3;l/!PYyP0`wusK&ա{&LmI%ɴWQYQ۟ylfz_\rԴk:zK}-9a&U:\Z!q;A3eJAwkұ?O*zAm}ur~81B;<מ.B:*܀*@vKovsr>\nGF#/R4JfCjFE9z+GbɛW{θ\Z}wr-\n\0í!fcu-Yƌg[jTɨ\Z?J\"}U5\rz!@k35e3˯R.^S\"CS#\n\n\0\"1mﰷY[\\,6d	MdFkvQw㺬9R̄DYG̀6bϋurYR$d{oRdT-e XvF{@J\nHQK_W^I\Z,;&E\\oٲb=S2dݦ~l@\'k63H1ny=B\r1s\ruy{f̙HB@nYW+qE:0[\\\nL^$tfɣ53g_;ۊ9;gUN3h\nGC\r/-P\\ 17ކ\rJDT-xSwmh?\'ɞJTM\\og^)\\˯իiOz]׈{SŌ#?|9CxWC⌍&LiВZK]ug)Ⓩ{m-c3k{;o7U!bU3Ě\n_-y6\0zÏB\\.{Wbod8_>YBmo3˥/6gW͘~IyUA[ĨXf\Zk{:8*<9cuj1ďkۧI\Z҄mChNACw\\-@4z!CXɁqi.\0_YL1stRW\"]/r:в7+Q|on`u\r3]\r(!>u+EJwL0;Gҋ];VN] @Lf(88\Z1CL\ZlTHէa5;spk+)WZUsYk^=D\Z*u0M->:t Uwֱe0?7ns0*J.a=A\r>(\0{!vúN]Jl2\\;gtIKXnc2]?ys5RZCyDiY97y҈ҟInɰCZ5x\'\0.XN;^p(n_	fv=X`_yQQʎRUuzHTDwjCf(\"ZzM!Lس>D\0:\r$b?Pal`v@C:l4͜nyy&b\\X1u-\Z3Pڒ~Ql$F#>Z|,͸?9o|/ĦzKV\\薭wW\r[(iqVgc>d}vOa\re\nKdl\"\rƐ\\ℯi+:k+;bl!n.CZUPKWSGcޚ3$gv;\"ttqIux?=1\07_vr$_]T[6݆UOBL{o\0\0IDAT/YF\\bP$Tllggq`qh4Qԗ]X??kafo+#F8ނ2\\?Hx~[V=[Y<Y~FE9\rs,;(4;5,\"alVwMI.Nk#\rgaǍEs\ZLz	੥*)44I}@3l۱(ٻ7Oq/?RB\rO+̱}.YawAK>Q)f\\fy4ηJ݉\rbڈוIZRbw+kfw}B8ά]X<Cɱ?Q+59v8 l(wbEfM7ӎ17?泾!al͜Q{UʢLF,~{:BxlL>\02#6̰	@:ˎt3qѳJv|LZr0jǠB1z/#OATafg3f9C\"26*Kc\'v5*oWseIv~\'>u-dJ95\\s_d3I@Zr\\qG0o$Z\'1 -@_;c4fyaov&w\0CnU/`M0\n,6DĂqewVأk4w9Ȍc個wчy젣:o.鵱Q>*o8ڳmnԏï>A4of2&Nōs xBuI+8Veͼſ2>IIPښyF-|Z3\'Nvs<a&>*Dz$6|A=wЌ]; LPCc\Z(eZN;`O>PCJQ]PdFi\nC0^gJN\08vE##1.iqwEpcmMy$ĩ50I\ZPAdG<;O=|/WǇ23}xHOLfƩSq{M#\ZKg;z+r%D..ڰ6?p\'&v߂.PLbG:J1Ǌ9 l.H<\'Ȧ{x-*.j#Cʻkwb\02ꨠtl6N-v!`\r97㎚kl8\rZ	F=1섕0`v;WߤϻTeK= ֪=zpBjq?Lbi#s;8\\`$wTF!}nKru0\'tە60](\ZW\'g3#ڼz%y[n睥{RbLzwc,#YLTGWt<Og-xWoUsj9]gHw\r˂J;sgBה#yߨ3²\0vCMz|hgrJ<C!C=*&tv$BpB8,XkfKo؟$:QC_bH3%w5\"-uym9&!\n٬\"\0Hت\0^\'6(k]f˽3Mb`K#`9QgH\rخɗyM̈́1S;ma%C \rϳ\rԲ#QC2,)tq&J^El#ީT%4hUis)0>M!`N)wZ#uG\\\Z#3\"Y@o;KĢ$qG:8>3uYpj.k>\'|;v9A$8ٌ:/	Ǘة%E$8^Hd,{뇱m\"	fX1R6Rӯ#!p}u&6 HٯV#0TG!Mf#66vkX_V,nzI @Ƙ1:Iø2^1ĦO^bjK{[&hZmC.x75dܒ\0Ǯdm<tNV\\Vz98*뻐6Ir7/ByU2v]bc-uLBlK[r(4xZ˞6\0R6\0Nv\00K1xJsx_c;!Bt\\H9@ ѻk`2Re,_b:@{W	YF0y\'Y{?a(um.	Cֆzޏ-CFK/KAb\0\0\0\0IENDB`','PNG\r\n\Z\n\0\0\0\rIHDR\0\0\0\0\0?\0\0\0;P׶\0\0 \0IDATx^|U=;	; MP(6z}6D^E@JKz{ιO?8ܜ23g.G#7̺T$ÍGRߓ~)<p9T7gkݐsw1mJ]ϳo:xi\"\"nG78ܓ*p;OKvwSϓϒannɼws&~I_(vZ\'nU󐱑\'h:4ϒ6>b=,k7O\\[D[~\0\\`FW!MjWqAGΧ< l@*Mɶ)vsh@+n\'{}ڷM=R\nk2:~\njw\0?w<nLJظ<!\nZ7ĥzAY	yP̪,`dI(>ًN<@@;>m2~}$&9?{d5 I\r$P`4>!Fu1Eo幫)&h>\'eeh/D@ohEHDc8r=!R3V;ٳ%*ϭ^OQYu\Z>Fˆ4as5lM\\ƆgJ% N$%wbBSnP<;\"kԗx=k\n.v\ZɴEG~JipgOy2d5n߾\\Ѽ\n-7DhY# 8Z\r\'n^MnLJuܺ\ZiﾀvMXƋYEUPI)ZZ`ga	`KPD\'ofy\rn/5\\HƓҝDL})hQ\"\"H񞢈4\06?ӏ\0Cmĉbَ5vEŢ1E)ԔTg#g07cq-C@dTq7ln	G;.\"6	I\nP)Oo>8K\0)lI7wz:HA\"1\'|}^C	\nͱ$IBB<}L7DDˌA~\Z79y?:ˢlP%qy^f\'p=\ZSA\'+D#&>g@?Ka{ت8%	U6ﱼ~L<l&ynǁ{R䄨!}\Zϊv$g}g]ș/>UJv~d<zr%a}aqD&HJ35SByjf$8|D\nX*\'f݂ٳb, lws91{K|b\'vG*.kٳt/ׯdGv8OVSexF~tlV߮?\rO!(X!lq1bҰԸ2l>A(!\0O,.-+Pcsǒ\'jAP\"û7G\"@9k^l<#핂r?7n\0ӗ\0CU/TR=i0>MDa32WD 2ޗ|*j^-1u&k/W`\\ȗ#7;\\0fPg9unF&\"):}|$	| Db(GPz{v\\/u|BcٚP\\$\'%bܼ,(?Z4!>Oy10cz/wj%)E0͚Dp\0O0eH@1n )2C6cErbǫp/5}Cr\\&%\nݜ(=\Z\'/T\"8vΟF\'Kkj6u=.Ło259-ZPG韝b\0٧t#:	^=cѨl>L{%E$;KCB N^PCXlOk-\'ЭK#	gѬfY[AKV^ЫU\rtGFkj|ԯZnz{{kcQV5|lrȂ<وMň\r׋ذ<<U\"qE<cп5~<ræAb\\2ov-зsM^OeCysi([F6F dMelIHb|]w^g\"0 4s앛`geQ3Y`o`}nͮOݮu)R4>X-?BFq\rD\rCU9PөQ$\\ݏ4~6\Zխ;ױW\'\rjFu1rTRC_j}2eМ*s7@(ĲOŁ:*`ϻPP0N膼9C9-RĆϣNbk?7SѬ4݊CzYGzv54jX	j!ըtjV5+Yѐ񽟘%[c8&{ʭdŰ\r0kG\0H# \Z-LۡkݚcTjmi3j	<ǟ_O]Ct-ԮR\\B<͞#$!Xı!3oڌ:5a<v.Iaq܋IYQTq4,s_yÇ$sdYâ/!_Pj>kԥ6Ξu[ON∼uFwu\n|83S\\M\0u?\0\rKSwPV<1qȓ/ݸk~9DӜSUrl=x	[hwxި`r+<0w| ]Hy$_FuD\"~,9E$a%Dt{	,+boioiՋ h稥_罆l`݁OނՋaјNx\reGv(|V{܍HcʐVQ,I$10tjT)㺡Hh\0aqUy4oÆ=7H*cVåkǆAW~{|1o/$+@;>\\~>[nͪ૷ڑKq\'T(7L=꓊^j+7#z4L*iLވFT<@\r1lRܽ$y݊ŗv9C=,t)zI75\rć3Gꅱjj~0NpӵᓡmSaO\'ĘxՂ(Q\">p\r*ǜ	=Q$G0}{칊/WH^%7Tu$QR\"}L72q5јNI\'c+v\nm܏<9	KĸA-ѵq8\Z^\n}s-^QS|77s`kL,\\~0G/=\"y?2\Zkw5UKghV$t,h[4B0gܥӮa)ʗ[}<wQfylq1$A_}CSlw\ZEgŋ-k nfo8{	xR>4\\B#kwao4n#䍺er$ʍu?a?\0,|.Fj%p]:IH2CㆆUJ $wʕ̍7ɚOVɇaؼtB|аb!4YY}Xغ$]Ԩ\noAlt$\ZV+CHja2C%B3\\\0F#ߓB`zPƍHsz?_Oxk$;⩥H=MLF<]ޞ ʙ	dD=̅fsgȼRy-LxQ)H|(G\nLA@<y~$ ⽼<l\'\0MO $(}b?<%Ex~O%}\'yGJadp6*{Hf,H~=I16Y`$Eϋe	(\"LV3Kr4B*Dä\'<GR~L$J+IMV C5.m \n;\"	S?x IuJ %vxM% Sy?IT&ڤ^4}*	g-h	찿iʽ%i;\\)I@-`FJ\\($&>d˵rG#\r>w# lb\nSrvS4Z\n	IS+Ɖ(<G+ň x&5;M$Ihՠa&$R\0&I2\"!y\"\Zf[g-umLd Tkј5\0w8AD(vM4e03Gˀu<k=PR^rhl>5\rD(Llh\\kQcUJx^Z܃\\\"R9gZd*\rR󅀐`j%ŦΊhoQ5ݭfk\"pUZvZB<9*`eX+bYQL::onn,۠i60i`	U5u64<6c:e(e\\C4U\nj+REx\n=J\'V*Uci\ZFwʣ:cUs#d\'-PET\r-\'+nA\0^<PjUFs\r5c\Z/f6X\0⥤\n$ %9\'`W4+!m  suk(\"aУf\\煳ĤvJ*bsI{߫S/TM+)VoۭSӸܼL-ʕ֝d6TL&tS:j&؄6,\0.i6Ŏj*\Z6$ ͵OGk#`Ŵ6hܤ?@zo=k\n2\0ʏpZF1GqkJX5 A/EYFDD1,?[\0cH)ťdp*h8\"!C9]Y4xL/Q^磫d`0.X\\AI5;\0ͥ^Kuo߆XֲxUeh.`Ye#wIT3WqN?ܐ\nE\rI#䖗!dM\"$wq\"X$\'t^Lbj^)͝t!U<TR+~W$pQ1<\r,}/ZҘF[[(Kf{dde/菰״Vg;`I҈\'ޒD&r:d*ǌA?䱜E3TͮX>x\n[vkh01ȘK>>dBéGжq9cdXvtߝ_h/\\k:ʼۓ^{[rM\\JT_(H.bcYU /V ӑx\rTPI$99ۇ~V\r$O.Qw֢bY\0H+Hp`}9Fj\\c\rϡ_`TFܘ<,]u,+VrRNw4Z\nlZP7#}ˊO_-Ʋ<\0\n|ٻvD׮/ }V[Ͽ (d1C&11cFc\n*YkIRֲH\"Xa\Zƀ\0L߾}q\0#^(	D%+qsk\r?³}Le-E!k|	${\0F!v4HNfS\n>[\r9GPs*&2ۛQ1?BE1OahRN$,7q_rHiޒWȅQ̴O5NdF7lѣzІ_{X/MXֲ݊HquwiB6%ֳ1s3Dƻi_!vGޕKvsGǺWҬ%Kr?\r|3^<0񑛛;\\#ZӤ]ׯa@~ػkִ͓\'/>9UTܬ	cLVOǩoqYAw(lٺUL{[@Je֫)\\e]\nȈΨ]`jc^nS*L\01ѷN\"l G%gH	ӛB\Zᓻ_ST4FъVV5<\\QY\r\ZXX:1thsR0rlwnɰgG0g՘(Kkp/R-E\0K\nb]n[[\'섧	oNL*P6<Y\'ı(Kve\\&UȼQ坬?8%ظ5\ZS=i5zrZ^6X-h!1Bvg/? 1nZ/1!vGL9gJۃ#h\'C>X\'pirѳl=jS#M+Ab\'X1c/v\0F`752Oǋz\r~-`ISP!|5ws\rk5&WgDd=8p\0;wċ/Er`ݤ4t6>I9كm&A۷\0͛:vH\0#Gr8(@൝Hp3SܙZ JfDf䯄\r:ç3qZ;K鲤\r`LNg\n02Jn/)x_+xI/\Z$%σbE0au2DbAǋœalY|[dfD4\Z1jfi/\nXV#AOr=sągrF0$%TK4*fS?]ޮo\0T\rF̬Q	&m3L铌WY.}0DNWIlHP\"NA榉#Js[*xؠ!JʤH+!=H5azf-5Iv߇27l޼֑:<	=\0_7_D/<5k=|3Yp`\Z<˔VtF;ZSMѣHcp\n]K[<ЧXHc7mF]wq,n]ɟ9O\"kN;fe9Z,B>Rf!aЈg\n0\Z!+@dcҼqbESlgrK:{n.W\0fEάA\"V|=>qc1a3$|Ct<͛1m}Y&T qD2k.AC@ZD0p =2Vf( Y\0n Iӫ(FHN-SڞvOS\r0m^L2\r9\'ALI2`ziOTc۳Dw	Ei)&s;ֽ\\R\0sxr^ULK+^2?焅]sٳ]U^-VrW\Zz08W(3PƎ\0S\Z\Z	֢x\\҇U\\\\5*\'pYyW>ik&Ӓu۸2(NoT40-+sR,q)X!_5w2Guy~HPl\0L7~^ij܊fH䦊/vq}4Zt%raZSG\\|>4*tD37&7[2\"8\"K2  ?KYD;5bw2MN9VdP1a^ITd<mTWDÀ+\0\nqWje\Z=417	j2[51;Q:WʀwO瘝\0`Zodwϑ\0ט~i[Mރ.pk\\kݷߪS<)g[]KBa<p䯾ݲ*#i _I\')S8nȒ%֯?\r\0\0 \0IDAT@qu\'=ؤ7><˜ӅĊZ}]?0qc8/M\0ȁCL6raYb.s%B>Yγa7.sΘJf%ƶ;-)࡟{Оj#gǔ/PQD߬\r,Eka\Zip\'7%[v=&[K&w(V ;P	lA|YH\ngTڑ\Zǚ2!tNz*GNǽZ٬Rb([$Ӹ#FBrGS98w-]k7yd\nf]\\Rf\"7\"X	^\"@@\0u81@!>FpE$6v:.^w#%Cy7D+O\'mD$ӥ>ĉ09dm{lKt6	h\'Q5g7[i3]ls؝.^;wYoBQ_,nM3MX!7*c\nV,[=i-8z1&aL^p5\n(; I\\f-Cˊꢪ\n\\昃\0udhS(Xi`299 m\\~(cBG5gKuxkv.?Of\Z!Ɣ>AbU찮+޽{+.hRf\Z9r\"kl$ʽkkC̎oy/`l_^>_;ٕo4J.M{\"bSےۇʜQ᝕ p&8weɗl-JR!\"rǺ˸SN|NTnEcχd;w)}\nKÚ\0?7VD{V9G-C%>o>ˍHκ +>܁)X<>]¦T\n\n%^|lC<Y$\0zEX\ZJF\nǋGGA5OZ7fcx$R0s}awdat/\\:*<)\neEU*ȟ1V$llY.KСZ.LzmirOw8rB1\'naL~;\n,duMvccؼ7\"_BuBz%\r+%9/Ę*i.hߤ7iʛ$`V(utikBq#gNF~}{LpnبMs_5UhVz>6Um2eC曯f\ZK([,4/\\ĵ\Z/.]y._lϦ7+ɓ~>\"L$\r!**ےemիWIbb4v\'|M{̝ks?Zji\0HԔ84[>a*:k,M^6,?k6No5m=i}	YlY7cj8lRh\00:ˉ\\igʉ~ȽN	\ngG>ݚ`\0[\\͒o~IK17vBV$%UPS5Kʞ\0\rHPbWH8,=-%\Z9yɕQSP i\rc0]Z8IC٫T|Rqђ]ý}k	=Q*!;D\';9xB\n(6/7Bڜ,׫O cqa[f1Bk!FRڈ0sa${F#j.^4K&<!2Xq}8ܜڢMH$p|Я	sT^\r2[p/SVk\n~_\ZÇ\rū^G٘ԮQϝ4pfOb%Ho,_ݻvQX2;׮\\7$UX\\<XS_xQpdSbXء+6/\'M}_+.\\KW,Gb%\'3xE3&&`Nj=Ç+E.mv`L\06故0p ̕ցB/R/z]g1vx	n\Z7VxѲP>}$:oy=\r8\'G,εoԄLYv\"ɪksr,hq\'ԭU4s}r=y?z	ϲ|o>*]@[!SUɑ]So\n\n_g=RyEIZAoNq>zE2yFQ7|H4;P0/?[ĩ|)r!57,ϓ8VԮ&q$K/žˌ\rbU唒ѨB!1?b#&{q2\0U3Z*Aj۰qx||z{wrZs\0hH[=UV{i4ů\\u^>j\rGWX,<rb>q1*b\04U==6I0Q @g*渳Vftpl۶]\n˄~i2M<Ez+S#7z45S/ޢfvp+K/ܰXaj]\ZBJ5l~!X1iBBBy {4u}qmܧib+X)sLOc>AR\0`BXd)\n)P9g;<4M;\n0{Iu]8wőZ(+\n$ҡ	8A`;\'v8D,\0L^|2{{ڒQŲ­p=a};Tҝ*߷Ls^x̌5|pi89L}jd}>]\Z s[p:+Z/J\\0QȺtusMf\r;=/՛\r_f+I)>=W_cgm\r/[89Q Btץ&J9?~bҜUXEAWhEn(&w:dNlZDͭ&JqSDyNdp姉	$v6+R5	!w~ɲ*9=ccxxKcS״ܫ\r`]Lˇ\0̈/7`9\n0$(\ZcDKFaSeu\Z=^dQ\r+\nycGQ8`Ě.bf|nS6nBj#\nm۸2dx}gSPhа1F4[\0sAO(Hl?g۷d%J&>_j\nթS]_z	/MM!|ʹL<	}z|-XbVL>1sDE6lG)T/S\0ӾM+w4`&M&E25_1\n.gib~	|B68K<#ɓ\'$X^jj肴o/xE`0i0d-õy#7jҢ?I	Ƅ51/(&pKY\Zʧ2YC4-t\0pۇxlJuϗqxC-zb\rEdıQcglpRJKFvłܼ4~.Z\n6>݁gD~V~_	r\no;.+arrq{\ZId\r2^G2A=p<4g`AH$z$bƫ-йQ&y`/g	`bW&-(vM*da8ˊ)RB\\F)n9<vC\\+	0\'ɧ`l3b&24$,E~!\ZA]_z*J«]\ZQ<q:}wg}?-McNm)\"\ZVWp]g\rE2\rc0Ïb:.B7T\r&Qfނ䮼sOv\nCП	E(b\rsM!;u$Cش{Fa6;<H60iNtlZM$zc!wʌYzrQGo^}{`T\0`^\'775}20##1t\riK2b}r Tm7\r\\%iiu)o`̄>]-;pE67-пzI?\n=~&wڋAynϪ%q#5$>6pr$/CX-G	Cp&Ldni.	vo}\n?v}	PSa@@ I~Gj\"b7[B\rIsvZg`|tOXnđ4,k4 bU|7VOƁs1):Nj\"B-^)x[}Me`Dq1\Zj\rwp <$=DILԚ搩&/B~\n֨ɉCʍde67e\'	\Z֑r\ZͰ7GZf 3x+XD0bUp$\'H\'Pv3C6$1Y]?ĮіdL7ӧOS\n	իP$H\"\'$&YIo\"M(\0tۄT\\g۵=۶äS5HHW\nH\Z,OwWxM5d.Ȥ6##1&8&D[.Gy*!fGd)Ay}hhadj\"\\{=p[3 ?zRbARB)&^Zqw/Mbqn*&\ry\\b\rs\rmw:WǊg;Xn,Z8\ZZֶSDXLnm\'{2-Ǟz$VȅGG7I,oǦCbP۠$.eu¥>q-~^;$q[¡W.oG3}t6&#lh(gn7mF+掐`l2,h^,bGhwN rzc[*UVƶiX{5YP_8Nصȧ|gMOqu4	7[3hi|ePDfGWp0݃vm6A<bz\r`HD\Z	K@;HB0Q`\n)\\9D(&Y;8ca,;*7mt	6d˖wns\0*0:ڡ\':.P!7%\Z {cځaV)Ijvn$\r\ZHhBFՌRxd*)	!NHf^\Z:2|85שeD3-|9^C$v\ZIL=|ҿ	Нe29\\,OLP8]U9N.Z-tʏf;4K^ΕIa%,68<LSmHHAݒ>x=/O^m4sdcкf(40:X]990Mܳ`=P+H\0\0``֌,w)^/5I\'$yqԥ`.w|Sͼ࿔XJA&гM]+B1QyTF|$Ԙ}*@9LK-B\ZL?\rJ8GߞHu͙\'5stɐb\"ݻС3:}jd](sAPL7F53W@\rKq`w\0HrdܒK˽{aI*2/eh lYx=,L]ܑIBŬ_Aj۶l*dW/h0\")s\Z.xwHt+y-V%etdp(ٯt@p:t^ߍ\Z8j2߄O\\2lo%(LَM2BZR3xㅚxSMkKДEu+[JЦ#\"|W1o#xV=WrU`h2Ů\\\"F650g0Dǲb؎P\ZW\'8˨7	S `a\Z׻10lҥbM\'GkhG͜|WDǤNsGs６*{K᳡MT03Mk69>CݥƓ\'J霭|oHUƊ]-_3^2#!$|ZH.\ZZq\"uÕ9#1Htf1OԬTU@]rGg.($=38YtHj	＋n/bT2>IXug[Sh\'y0#$̞;`,DcJ7f\\3Er=l5E7s\r5B֝҄ulm(::\ZW/_ݻǎUPIfDBkpů$D/[\0l{acnt-<H9\"XMÓOVvdH!vf{x1BJْ0ϡ^$Yk9jD)!ټPviB/-Mdbv,L򽘵\\4/\nɟF)M#m`	0]ܿ8#ULe19B@/ң#q	OVPoCVPH]Wo\"0r1 2^5?.߈B+?M侬7يOӺBtR#t︻\n0-߃ϖMuS\'2& \Z7ro}F2l`MA<|\"Młl썏Wxn~?Eʣ{c,-Z$Qة>jͫ	I2uɐ	h?٦Eգ®]U/Iv1&JKNAx1o{x45(ڵQ j[0hث15BЋFxI9\"cHT*0ZFF_@/;17M:_F\Z@*\ZY2BK`Uș3T^yx_٥<S|klplqjgJ^)kXe-P	[0ct$\\Ad1óDrh9xdǉOSN]r%;$77`be-͘%6	\nWz8EeI;{#ohYp=M%HQ2ЭUU|9CfѸ([ m!Ja\Z[`i^-*r0\ZQS`u3U5EKHr0͚6W3cL)o}<wFK_BW\"2NQ+R-6v9+`L5FH-jZr;f\ny2\0cHUeŲ1]Q0ԋIX~<_nXTUL48 Nz4BBڮ+nDC楶0\Z+/E\\7bjy&\ZHM\'l}<`v=I^鷬#zLC-NH޿dn\"\rܩZ,J\\8]T)4i8J.ŔaSJǠBŋDZMwf3~P\rS̿?{K\ZO+B\\)5{hnspB`\n?qfS[uV^ۏE3KĄ5z?!m+*Ix&5Ndzd4Dٰ#oWJ\"ӭ	\nDrh[\ndu3~M\rIe^JSfOe45E:\\\Z&[4|+:^Ɲ,<g<#U{5f\")`k3vb\\#A7ҫQ3s\0.`l\rF9}h\\LR\\_1gGG<\Z?i;3X\0D|H\r̀	rI@LP`DNw`+nsw`#ɭ#E%w@@᜸:1u\\>]f<38h0Ү%>3/<٢>˖.U|MQ$L[b\"IQA2r0 NF>?!YOHH]||\"z͒stϴlN%8|W/1FGJOdϙ\"Qe>|wFd\\7ɿ\n$*07u1HbTJ\\BJփI,\0\0 \0IDAT8)YelM\"6dմH^s7+\\Fax{z$NHP*+w;rr`T猈0]F-=jE2W);z;*}\'SXz0*`&`26D.-&%NBWH&3kk4x`( $/53bX9c\"6\nh	cy[UĔPα\nqcН@v{c`HtPS4;I02%\'wZ{$o\'^$\0Kvg\0ݗ\\0BE$078HDR%P\'9=P0(4ZV)g0-4/=<?%=}JIoROu#3D\0F~\Z\0#ZWY_N\'kى[kHw	2]0)C^b\r2CŔ;&&Ⱦ<{A={LaHKIi\rׇ]ߐV$7c6wHF6(>=~*7g9_<$Q^5?q2/ TCq(z?7_8Ε[^IPFm#GEVu}q9MƬb:bg\Z>FeD\"hFbuյ&i#;<[s~K-;*\\	T|%\04ZXEgiP6=KaQ5=i!\\\"#)	YӌGX4Jł{|-F\0C/M:Hq1W\"\0˦A\0Q eDd\'\"F|G\Zb[+GR<̆?큷9mA?]ʊȜ0$Y&a}Q&o`^]n.2:Tt8%㺢@£\"Z	tky[`WJv\n\Z߿!41$WࢎO֬ZPvzGx0_dPLI^jg{wD;H%(1äz|Hq+&uv_|1 . Qju5i+roǎ)^<IQACaj]J1rtl],9FEaɋ\0`5\0#%3:>XQ:ᛦ3W$&^`t}ʻl716%|RO s䐼r͵ַ߽!h&QDNb~$QfTh\'YY<>]C=\r2bvL5t-;whN*>AxFon!OԎ)&nSעs*>urery<UH6Ǻ`b\0m,G3`Ḏ(B0\r0.`,\0LCLe`L\rfSu!*A4\"\"i50YN):=Q^\nJ_`H<[\"*mr^X{5%{ά,fCH*%a\0m@1QDS˘F㥴ϕ\"XfW-J\r#s<<-eNe_wyk?x?$#!	c{Ő5vD!ƒ~[ze+^G)O;tae*V]	\0T#W:-7u2MM->kcxP3:l:y!n5kסDN-̢TF-:?</}T̟7ojLl,z\r~={JD7]%ATǊ,rYF#\03gȶ%\0C9iR2{/p};T9\0M&r+xlmmDDFޖo Vu8퓇hC%yUt,MiF;F=%Ѳ\r3IF>&kAiZ4V̥Cm&]밄 t[\'h	UyܸR,Y8qC5sw2x3eL<WԨ(tiU>;Oۨa%.cÚU!3%\n0G\0s}`R\r8j.\0#\Z61,1ڀ(׻7GGJ-G1nD\"hR\'`9(&VȏKHTWf$jMc7y6q2x\r	+a6θv;XBrD٧na*Cf11nlHNTH\"$½2Qŵ)2	\"Р~}d_2G&.]},zo^}%oif0`\n0)(y5/\'lƍ\\g/kOW|5y\\mfqGܿV,uđS/R~oGU^}|NS\n>Z#F2m\r	0L ivM43E`$yX6V\r1i)9K&k\"X#\"fABX:g\n1H(3όeьafʥjxmJR_ȏV@XzBXYb1UREpg+d@nULT9s6AD^	2ԆT(ڕQ|\"M#	6hqqC[Լ,!Ḗv/11X\0snj4fP=DY\nH0%7j0\0c4`,HK82(3L)uv4e\Za`Z=D@jqxir;t	ojxk{fZ,zIuHUVLJsB!kc`=C_\nЬ(\'e\n@<ّ58ŭ?umюS/{7I+\\$WKa~M?\\T\\rObZUnQޒxS$EٳmI4Ga\Z6%s=ZƐC1)im4\nÉH[-ѩsgq-SNL3Na\nJRBº26|fh.~1\\-#W\\ıc!$wrPI2\0DAR5kU54}QL6=/	\r7yM/j^+\ra+&\"Lطj##hLsM.\'XT);,~\rYYrm$&_:Q˨Fܚ7?3$A>^hP$>-UQM\"\ndI\"!`x\nFӾQiߴ#aj04,\rFx4rÝ7|\rf>,It\Z$ڝf@-.uL%bpTgP\'e1ʝM(V0\'L_x^Yi̽G92ӛnܬBef#p5X8>xnS^GV5IfNS9YZJ\'ƞ*ཞ#XeMmqȋhib8㩧Zߩvoa:U3\0sY}V#\"36ŕM}<}\nƏ`r?0|S\'ԨYyӺ.:\rfqRẠLHHHݺaԩI)ժ1\Z[U<$xGH4 )P%rko\"09&Q\"yen4U	0|i	a{qYnr*JZYlfDǹZzFvX`\"q>h&*>i\Z{y+䍨L\"ll3\"?t/cXhŶc4[eU7o(j==q%lQ{z7hqY婞!#pMSHNriZp&:.~-6IWj006Av#ϰp<9r0j\"	K/RmA9D :3ʺ\0`Bл)JBB)^Y5Vr7u`hZ&Yj]b|&s4vUUTb{dhWӼأ6칀mP1ۊʋ-i]sEKf{J:\rm{b\"X&r7DK?lP-F,]=Z/^b!+1aU{tEʨ\\+#|H;ǗVVTW<Xb*1%FbV~9*UDWzmpp>S<}H\0̕4lMbvŲX0o.m:\'E	[huRJBnH\"`ܼuU1Vkd	F`Yv5*0^\0UX;O/#Ky}ɢoIԐrCgހ{\ZHm#nxtݜPBnk(R AE#w[V!390ͪʜIt=Vlñw[1lHrW\0le<߶>h%4Am$^K0w#{xE/E7\'[4\njųa=Kb^$ %;ol\'&k;HF~3H>h\"e!/jt^3fEgbJ9䵽H˕XE*xh%k#$<$kU@_L\n5+\"c.zȮ2a:\r1yCRStzL\\<A.u$0h5RETІ[0	DzatΈL`$Us[bp_ɅREJ/H%ːn`\0lр!%\Z()-&<ɦfۑJehf7f8뽜;{Ω9B\0&{6̜5j֨Jÿ !12/?KDV+_<>x=|l\ro)F,JeMI#ZO+`[@y.{۩/h0BW,(;XfE_zp/Ր[W2i^wv/NwR9_\Z=\n7,YҴh\'֨&n뮙b$]q<vHj6S8v2I#yRc\rrdܛ:͂!JŚmN=b{<ä=-er[K`-cN*|9aX&8u.#%I-\\+߃fHN*=:xUw:ӹkqϔ2	)	SU*[ՀO	Ƃ5[H|ds!]Z4\rgJx>ZT}QxnC;W7{2ގQr\'EՊj]j\'jVAriQX 	OdĲx C+10M㊨X~UsWo݇~9Zj6flnotk__\'ݮ#\\`;QI)&#e&}S-q{ߖՋjb{1\nǶt?$S3p4;RJx!ڳ\\\',]4zQ ?2_|^*kٲ%6e{EEGM(X舉Kxɒ\Z%]WsWmٳǴZdyPs幅36lؤ5w(BV/3AXOYZ$rX>Svmh*4;Hlԣy׉fs5q̙(m[UX<p6*xWh\"y\\ݣ([ Wӗ#%A-qr?X]8\Z_(er@ S>>4\n69.HNH`+$VK\'+[1¤:/kzF\Z*!NH0]83fx&_MzvB.Ao^(&G@/N*k[F$|)%:R.ɳEC0b	y-(flxh&G׺)xN,SV\\.%aBlkؖ~-09Fw#bY(!܌Ο\ZC%mX}AKIw\"s\0qmq.	A~PeuKH\Z72 w~EqGR&6Zeu\n` ϗemmC>4Ud]J>jAh+-IrM+	[f\0j5sLtIַ1\Zn!xR$|9縔RaKeTL<>= T	VCHD2(8~ٮ~/jf5=h-Q)g6Bz)G!~O2cupn\Z$&&0#Gj(ָBtbMӄe\0cL#NTg=PGVi\nJ4JK@ީ]]^$1kZRH9\"7mE;i4kٴ\"gNnX>1%iVm+=f>tXPzh*ڷEX8zZXT搖sj~(9j5ꋽYM+HzbjLQYŸN#b%3`Yosza&dJރ :t+I~=Zsm&J|[B`}}oʤ#NٱzZ{g83AQYY	W3i?4W,ܝ^g4Tnvk$XZdJH#\\U#	yuDܙ?Ȧ~<Ȳyh`eך	UieaAd-RʸΌPFcHw2,h6Rd	gKRzOE`)ƊX6\nDL4*qKfM}qr$3P47Znx%2&fXU2zE]6i\rΞYڜnkÜotY\Z${2.B:vnKm2NLk:_l?<@5{yfyf5]\\Ӝge*]g׫W*3Kkwe5\Z\nfri.gӛqk13cj18S~Vs/({y(Dq&+O9c1ǿdbj\0qz֊BhNaYRdIg]wW@%hFOWYBn?\ZsIrʽM*gۭW~yUAa?>zNXOЅ\00(i\0L犘֯yN#fj+\"VU\"Vc\'r[aR-NE3f\nstсQh|s6X\0`5\ZF8!{dK<%a@ck6\ZHZ~$QGf`Ӝw/fǄOPag3#-BޠنZP,dHN!<M5BC{ic\"I\0֯9i$C$oWE9laX*:UFƉ\Zc#ZRT#x\n.g\Z5$κқ\0OW\0za򲺫\\Z+Kެ$v?!y|9X5lcJCD\n&6N04ᣀjb\0Yw;GMQ-A	i89&;qZ. j\rS\\5~~W2&\ramF\ZHzQLg\ZT׺83=sL#\r\0+\Z]:\\ӹ6Tch2\\09?MCh9B{5j_澁p9eLT#@J`\\Gx`d [\0SUֆ\n7\'8JVδT>k>.w6\']kA(4ZS &`!RI!O-JvbJx\"tQ/!!`f.G<AȦ73&mrfD>P]*4Z{7J2%?N?#K_אNR\Z(<}5GhY|L	pf撏5poTy6sϟO;!09T [v\"K(CwDњrtX$^ٷcs|+|X)򐌐mQئFXueaCSi?oHj\0\0IDATK.f>D.OD=m6yW.O \"eQ︄V52D4}̜y\\\Zzhْ;8	\'\"-/y)Wsg1eKʹ{a!go*+\\\'URQteji.K-p1Hi\Z\"PHU\Z+N\":\0\rdM|tsɭ/d=\\EU~fPNߐȔ5Qkk?Lx̶VL3ۛa}3(\'KGØP;^\"glc?jɏYyzشԆF_Zִ# _hz2&ױ4-\"b?䀛7tBYz\01 neAZdUsű7fhPZ\\\\{v@:[s8	1xT%\'oD0mՌ1YZ\\ `᮪l)zu?b&Jqɠ>\0\0\0\0IENDB`',1,'2015-05-19 19:19:32'),(7,'la cueva del  zorro','la cueva ','comodidad y discreción ','12123123122',0,'2015-05-19 19:46:36','PNG\r\n\Z\n\0\0\0\rIHDR\0\0\0d\0\0\0!\0\0\0/w\0\02IDAThCYPTUwL\'|E/Ұ(JGfi,-S|,Y83>5_dP(6S:N*Z8*+fCer{a6s7{s5ڔmJ]	icNNH@SG!:!mh4\Z:tY2쐃8Y?qA\n&o\"S,ab@?0uaΌkm2؜aaaZ*2(~cEX_S_V?-sƶ4GԏL#\"$,[l\0ooflciQ5ُOD HSfp3D񷽘\\?\ZZ5B;fjj!35nܺ	`qs߄QrIw#8\rmD8J_#sw8eY6k:ٖy`|usvdl%̴33\rfLW5*\rFtВXP\\fȷGvIPt^y.c~\0)u+#Uji444c{y	T:@;g\0\\+);yb?	[ʼ{n$\0͵B#4ksW	y2VT^X(Y`\']X]o]$\'dɪdX,WV^IX9*fx2RvJ[enK(\rg^\Z lN!7otSd2#}\\#seY]	}%r[nMrBfΉSLٙ\ngO	\r7}0oZ|mڄՀ-\\NȢKaegC^yV.@jAV\\TwM_p&3|ΛRp▝ˊgw_H3~vȬnY|uL\\,eՇwFVw*	dZ	݈z4nG9>Aykc|A.`%_RY&^T!3vOR)\'rO	T	z.!!H<h!D~SEs/SV.?6)BzR^>1@`]Pu\n$şA*Ԑr] z\'BqN*\Zxl׭Q=D)ю8,qcN:U0p,qsQ%]_ۣz0x6]j&\n:񗮲$C7 \"HEī=rD\0)E8~v)YJBy)_\0%>k;C)U\0֭[gWnЌ.G1/d7uV\r?>!P3!e{sBPt#NaJ\'#(IXΐɦ6~..xKɭ:)bKeKlr/3`9ѡ3\n1^5_3!rcÎ2#n`VH(D/Ǖ ] \')#\'%>->C6m□M>K$UY]b-ar`oEN\"(},F~,B1/~\'C6txY\"\\(q(Ii$kth[BCC\'R8KR5l0A,&hi1OB{HH@HRRDEE	K~\n\n\\#]ZOYCppܣaUtp:屿qV5mI\'DżAAA)a_qqd腲e\nbg]oVv0wYV\\s0wYV\\s0wYVٚ3@L\0\0\0\0IENDB`','PNG\r\n\Z\n\0\0\0\rIHDR\0\0\0\0\0P\0\0\0j9\0\0 \0IDATx^]`նs{	;(RRE@@EA`yJU\"b#VTDQM\0{k%Ԑ |3>^ܙ3ggG{t{{r\\l`.=p.Y30_+ݿ!Uo3sIr#7IM\n\n%	W\"i[z-M+cLdo/a00){Z쁟L%$!\n)|D>-:iCIafDϠ:@OUdǩ֪.I%c#]&or;Ҩ]И҆JTA5NAMKJ:ld`X$EFMJ%\rH(T*5 e 61J/|=_F<#bzK0~L\nI]G!HFGD\">@DR1)z S<ꃄ+\nD@(ƒqQ.:#igj0(H)B2l`N9\"GKvbŐP؀rT\0%H`	kU\\\Z̓Zw>y~3/pz=y7u	]~+ݹۢ<I\rCi9uHA°(^ y68TUD5na(Ig	&K+WKJHdbTy{J\\R#`rVKQd\n}<%ݜzI{vh[#B M8\'|n\0 E(&5\"S	FM9%.JbĹZx\\AFHF(0N0>RiRJj9+r;/z\\^bkWL*Oj	R%QG%HҐǃ]x7ۋ\\\n`3d	?8F1\'$A;F#\0\ZAITU,TjK-T4\rYeKQS@u27Q22^lxO{J{F\\TS}1|ҰˡH\rT	]$КtQ\"qןR:I+d/l#M!D¨>p\Zr<@EZ@s5U+Lj(\0ͨ<\r\"MT4Plw]>.(4/QC$F@\09\n!!bu&vrۺIyLQ!\rE>)C-e&Q$Fg=q	0d7s@	颼v)4R:t&-7y˶zk029RVHЀd !jE_g6t{n\Z<].s^?kP	%wtpLXTõx08\nåԐbI{5p6H.9>Y-EL܌圏y9ԔFV\Z|\"6F	(OJJp^PNB t2VrKɦA5\ZJJr&vQ\0UWCWA eHv(_ۙuX8^[(,,޽{S6)k<;r+M=pJe~|QJ@|XdRzCRPK.JZ^Kwr\\@5u]=N弨aЂa\n#%RV%OrmRI!#Jn\"MZ0QH(*]%h g0 P\00nZdHSKn[[1Ojp8z\n8d2TEFToO}f9i5yzL\\Ѐ*>#{B.LR&<iULb$%9N.2lH!3\0vC~F3%MzA(QC T}#<d~		$	\\9uZ\\EI\"_*Z6/@D7:dM\r?kgQ|$_;4b\"U}S,SgRZ\Z6l=]\"C|?o*(o/q+BBBk,Y\"H,!cȋu\\ŅP.B2\0Ѳ3dHJm)/\'t]l;\0h()Y{8B(\0o\",*\n	D\0B.Sz=ޜұG\'9Fn\nD2z0jB@!S*\Z%M}	PW\nhRun\'Jr;rkoMUԇֿ}o.	8a]I\r<#vmm#=&`tؠ0;pY|}qh=H8vTah	DH:L\rc=+uvl`8pB\"v;)x,&*_P)e\ZBhۧ兆PM_jzݴ>Z:Pr |j\r}Enjmf^}eRiӦ	E:avFѣuoۥx*\rj{	nV	.R\0ݘ;wQf:_l\'Q@\Ze!M٣i?ٝXI&Է$/TRm)s/j \n!>0	H\"7\0r19@QnS\ZajN3RVb75f.Ȝ1#0&Vi48׾3gJB6LHvDv.شiK.Uȗf#Bx\rN߾}h⡋}ٷ&a-#D @in$ƅA ذ\'\"i0	DhQWGil:F*ȓz\Z`v$.ZŻWp9@Z8N-54Cnہ6IsDơ@Rb_у\\;דzVdZĕAah;G)h˺WQ`k޻t^֜98G}A\rh ܔcKgΏ/Z{{ŠccժU?ܹ[~~\"đ#Gά[u\"20Y?/eŜz]p4\0߳5%?rDkXL\\&I;);h\"E\0Fp= \nPӣ-jGE\nX$,+B +>Mk6dNpW?C}P78w\n<#6lO!eH$IHbR6Q}jvJ:E#oO]uj\Z:S=%iĎjJ9^(~@H:2@\r9^VϠ~ύb3Pdw\0% )&ٱMJ-Am矝{A\nfN\ZX7r==P	[?6{FXYc\\Cjp\"͑t~29j7HQ.\0ÅsiUDn\0e\n|ulLyଧtkc\n74mڿ.=xl yJJHIb92{RNdgտ\"sfll\0q CM\rl6zk˨vP|E%0.P\Z١SWDtޥ^}?&yd(ي=Ky\nS֗?YY\Z-FvM*@ؼ/@%2Yh	BKZ/!*pu4\"UIYPiqQ$L ^=-\n͵?*u~9谏Y{p\r\"U(`ItnkϜX|_vZa0mԢg8&4Y@4#`LTg͈\"\0}z=Nc&ߢIC\ZS#kЀߓ	ˇV\';6u?܎\"9U(dP3+7s1dlp>ލJMʔ.mU0kQt۠!USrT8`,\Z*Pt	IR9:s0!s[\0PG4{\080tˎRr/b\"_tkr/7w2N־=tMU䙟?M޷ft\Zzhխ<Ł\'d}ca`j02U\"=ї*+$s~?}@,A>~Jx8Aפal,61/B u9iFPd[v5\rx\\{KWms==Pzi>%\0;,*0 `\Z^A=XUp#\rb0VrGaW|]7Ϳr%9+9sdJ4ޘ|RY4&gvA_ުo\nk0ʩa%0a[TA7ގNB*X2UhҗQ[~<h8H]ՔDGIϮ$~,qQh>V:DmME/5a̶m)щ;mR?Y.oZkE3R5whm8_K;`c%ޜJuO{	J}|@xF-%=Hd_>S.Kɥ¤ٺ!=}p\\HDf2S^jeӘNmw$יƗ3vk|ysGO}m(%t$ԧcw.ZObmACςUb\'W@J~RNo85٨z5 sކX7nmP_pGwnR3gmv%֬4JiSP10M&*vA.kD\n+3RnYiS$ǖϕ޹;HBP?))A/mRQRLuc	vksڑo;~uށvkXtֻȱUN%<a`LHYa]U\"aSKba#p9\rP6pS^bPxk>!Eu*\\;횿g`=W]8\Zٛ;bRL0/(KxL]3OiϺeb*=7tv*(>jֿ6>:՚!o&5pfoE$NCUw:=cAjA\'\'3ylxtHXj9HZƛ\Z\'8@AYYG0]JU<\"h1R[7<I~	)4yF-:|#R$\n>AՈj\r\rj^aEoeC¬sP\0;#>-r_ċN(uՑH_F.p:u|4)n	CwQʊcUb2Tt 6xy^$(ىkE~C*\"vy((ǩg;zY$5X. #\\TݦXsH_Ü\rBbȇCq~{t6#n7+\Zb%]H׮Jq}ѭe/w\"`!qw@O㊮CSsH,=2p4}\\+<\ZT+;ίkMb/IF?As<:_ѭZvāR=aU5=F[0\'\r3F=7?Ȣ#꣇W!{53\"GSݍLijد~W<D?&j2j<_c?3 G	gaye4E&duJڼx9m3Z+@:<W~W2/(\'rSfXN!Kx1%LdɃ6Os̜=JxT(<B*\\mk0xr\ri\n\r`Qm<fMo@ ((()\n#$\0	%Z,Ad/l|\"k*1aR*ĭxuӤ(ݗR Gv#D^.f\';G3I{JǉsGb3DGJ{(ѦθF,*d5<7VVӖG?t^&xO`d_;[J0*a aejmF]3+\'ɮú\0|4qݺ>YN]\Z\"ONVIKe/u޿\ZU,RиuæHl%2iu?<5EnE~]_USRk)tثJUem\n>\'&!\\PMc:\\djVܬb\r*[U8p^iYdt	C2^Tڐ\rE1SUM+B\rͫIםq/~\"Ҷفf9ܯUD1\rQWE>c	&xd)Bo>I4),`tłú#`G~]ǳٕg%295<0`pP^X2TxIY	2I$qq¸n9)mJj;EXd\'Pq5hHK}P5(n徃>qBcբ*{\\r\0\'-?^d/7!^O2 -.h+Xk7֤)b\ZÞJGՕk&](E)_YKmWسntN۠I̭y0\n(+ZS?F儮-bem+b\n廣@^y	w^I\',C\"kP<\ZZPCF:Ê7T#QTZm_wJS1&5nop-(,b0ui#=ѫLrN&3Mi4QdZ4B4\n,XxUj֠l)MXA$Ɠ9\'t|0TWn/m*ڐUnO6oBb+mw(?P\ZҩAGa!N&1>;[1~@VWcAx&5Jsn3|6a$xVF:@գY鳌hsVX2|X痵q礎α$ZsaJC%E.\Z/	gjX3x	oAZㄐsEG2l4.QX\n5 %dV}hHs+-XaTX0\ry1HvE%O=<sna6c#Sր!J0;	v\');fn\r5Oi\'7KZm,a 倡dx/{WT`|)0i%~~Tk[紹܇x060i[V\ZrG%h\ZNDD#ؠ\0yj\"_և2ͮo[q2|XAZdhr/E>\"N7\\6TXvh-wq<I*xD{$)r\'|d@!xlAn8D5iAd#GmVvV~jߑqpxN*@|2ۭ<(+=5by$ő`r6a`;/\\8v*PjKAׄ	sk\'\rQi!o00\n^ٻ؈%4)TǣSXJ wI%2ð^Z\rt\Z|#Ɖ.o-jQw\0yC!\Z\rJ`&kt\"zgSI`P$x&&#Sǹe-oA</vr\Z%IN2x9<En\"ujKU:>)TzPӝf&E[0]#\'\rLd|`(\'O`T1+`v)9E>>4ߠLae>QYRLG_ֹ9u>D\"ƕ#A	h\'XeRt-KtZV7@Rh_TmswOdxm>ݴ}%,\"?|mQ=YnڥooѢ\0\0 \0IDAT.}U@- 3FLjjٸ.E&{{`>6~:&Ltg%艫ZZeS^.HpzjǦޮVbG/j8Fe\"W\r{61Y]6d@ƶx{LyڟSJu 1[0*>~Ag\n_(Y\'I79ˠ+ɣ=Ua``rhI\"nz<\rQ\0\\\Z(-aN\0r(1F6L\\-#4\\Aygܖ=Z=8FV\0K0P6}=xһ~\"sak)t7>W.%@e\n/{=4)-Ih\Z1On$\'Z#SxO7ҙ@Hp5 \rk?uDn=VDz3dj\r0Q{0ŏ{λqX5b\\\nAJK!Ptprg,Jj\0<Z.K\"-0,Mi+0\r2O\Zضl7f{>P͛H3b\"ښ^?c>/&$#qz\ZҼM\"+ұ6D4TR܇v\"BOsZwă,qMB$:jg-:F;܉znGrK2\0I[!8(DמNiݬQyG[v;Z7=AT|2.Ϟa@`e}r??ở2h%ݸVZ4 `5L0Q-`2ВAճvJTHT짬w\'^3;5|N 0F@0\'zK;J:뾊ږ=B7$Y`XxaEdߤkG}Vxr?_Ef-j+ոOLufIHf	\n1,@RE`#S60.~##4 !rz|GJGc29MHu9qMKR<{94yռ[AJERP+JFO/=b?UQi+YV2ێ7,~)C6HeCa\r\0YSԨ(:*ӭdҎ(9ȉz0I/rҝ,J?\"?Kᆎ8\Zf+ /DQmHRJ!كef\r0J\nց+)J`<h~$_;Fهp蚍 QcqywO}>}mnݔN1a>G@.]{	d`=ω\nc8O\r(a`͆\0BfS.h.8$\Z.Go;ZըpY!<*z6]sgpORfRC{JDA9Cn7p( / 9U7fHBJ띩=DFrkkȥdu^7xєGbJ0c\\#70!\'#h6OF0)^ZKk(Dpx2\"Ԡ*%d +Tئ՞kqd)9Bdk3\':BPa=?Ln T7M3r[1;^D?L/XH\ZyȋvɅ3dS7\'Z݋\nƖ5Z/ܹ9c\'|(m5ݥU9p z1{zש$wCcQP\rR#26wдB]ByM?sif iVZt7qqUz8g\0uQ49u+\\_gSGSBw+}QoF(\Z\'6b]pj8ͨ\\j]O	ʉ3S\ZF0r\\U9\\a{#?	C)mPEa j4\n:(P۞̻C2~$fZI6Ev{66\"l\\Oa4Jj\'\r䇁EK\0q\\h\\.C7c`}idF)ou۩\04I])ች^Wd5J$BL]BQWSW^MSQr\Z(Ap5%e3!Jʇ]ñP?p7q#\nrJFqrE(\\e\'xG9a$z5\r.\Z:;6jխYy7GG,-~T^رF4V.Q{_̅!`yCw\Z+u}ryu	uYluV\n}閰O9͆Ya+QQ=\rn]#p=K	~ty?o/f_:[	A)ר9Qb#xZL1-jy/.|mad>y\rdwRQ;~:|t`4B\nI?SIi~\"40n\Z9Za(\n6kÛ۬pX,TS\' yｆ	<1_{ߦq0D;K<tEJc?ۭoSTnj<0lW\'^RM&*k?&\"9nM$+\"PB_-Lćڷ@$}C^EMhs> 7Ek%[n1!-Qk7Lt&^&T\r4Vwwչ#<E0nXsY[%}tIݬ1pfRfaLA$lCjאcW[urj)=jD%z<=]2v\\]v>\'tG\\Ȝ	^rvlziXb`H	fld?+A):hbe#d>uJDJ b0po$<f\"eBd*LPE6mU30YYP{kBH?~><`v6<޽jg-RA@_UqD)8{m/@\"QGHH^yKfz܊|/}X\0/\ns?5:E͠9	 v}botx#m b||\"TF\0G<]9L;1+7`lPFZiJz,FG]?Ա^ܱ&++})*d-;dVՒpMyU\'og\"o*+t8uHs;P[{_{~ߞT#\\c>\\6	z,cgZ+h\0(I<ֱ]ԛ_1;6,\nfߘUȺHHTF3QГj];9NA	\'dwY#\"^rrJw\"6prUN?D7P^#ʡ*`̷MIn<Plqigg_ϻ\rP\ZNҵ	5\\_]-\n;aƎ@N#2cא7&u(N%&d#T_J07Ј&2%6(ߧ!KIX<|iR2Z)X=Z:Nc=\riD}x*0T>cFLEww#|}\"pyePM$\rNꊡZIe_1H.%K2r	~Vw:*	*[KS~ԒsNyiofjZ1ڸECF\ZRdiF\0+x3=ܺBykakYKjjBi䢴H0ӷ)~鲁\"a+G븆48*LЀ.I8!L2jfSUl`FP\"xH8 mX}(8 2=w0e$ŜIW݀	6s\"60{ˁKЂw4vdұ؎{֔~ XD\r̤\"60aj!j%G@>\"u_Ϩ/k~Ӥ&a@,\"r	DXZʵӱ)q^Ar>q4Q[R>\"˱`SuRD#hޥ!f\nH~#nRClUemAR&]n~3n\"GF6=Y_ oZ#\0y\rzq<\n\\1(RI,3w#Cjs-\r_ndz}|hL	<\rdYPD>z[ѵcO\rDq>7D7kɔ^Hi i\0pp07\r4Q}#P~*o»w&#vPGfGi׈Ĭ]@Hz=N y#50`@0*rAq^h?dRb?VxWb	.d+)3N70<*@+U٢6+`XyEf`ڶ`uɈ6b7z@Q#.p`g)j[ajl+=	.o֋62dC2!	{\'4`1^P@\rF\Z~#g˲r7Ptc@@Lvv)C<\\(Ǯ6O.Wվ`vޑf=l2mJWhgp]Vi1@%3tf}].[<rZh}HKE.HaXqS}Ͼօ~njOC,9!/,!C<dIA]~}axϫ[+QE\"]$-V&\'zE\r3V#Q8>)h5M-sV\Z\na	!h	(37:8Ec|i\0I@n.*\"/\Z}zS/I(!tԇS%5KZ񸑕v.W!/S#16KXCH\"\ZXԂRb\0\rG\ro\\$Y*dg!Y+xn\'% z%?aXf`\'D%o\n)sw3cR\'_04Yp,lbBpY0n]>>Q/6IQ3sLrwWp[4qxl&E5WԎbj?a-F@ʲ\\s[ܫ%[B2Deq˿VD>Oq,+Zs:6Eͣc\"3\0qFpPSLMb\0%o淦j^1~b\'iB\n2 S\n/FSݺAj9K\r0yxe:8Z4{j-UU\".x޹{yO\"!kG8p^*bn{2\"u00Yg53?\'E\"7N.cS2g!ʫj<HЂヴ3ɝK\\0ިߓ)\ZBR?Bc(ѓH\r@b60He})<|JCvPmk^pVW5DldQZ<Nh2wیokߌ	 ˰bOH$1-a\Z:_0˒s4^bg~$OzKKIt^Ciun36o&\r0VSӑڽ	qbg.9X~K^n*P6crH-%NuN?f+N/%CI\rhUyif\\\"Ri}pnT&\0H<?0dфDu|=c`HMЏ\Z~0Twr\"lI2\0Ll-_N<T\\Ѻ&~U y/\r\".kI#+\n]A(yGf`f\r?KL&@\0UnS$<95CE\rT^gYz0s\"_piGmՄ\"v5s#&k]Є4a;v0RMrm\\!##P D3aI.#Գ܇pOhlC^e[sL)$Bi4Y~́Y.o߆B3mwHH&ME\\W0|EԱ9Zy]SU~Vhyw@C!SAWQߒxY:]v<:)J@a.允#ۄ];6U9׾_`*	A4?ȖY@W3yy9Qo`}wn9g%%@d.\\ǈRbovvG8;w]b; `\rGXCQb\rf.oB{p$_\"pU1fҞ}s\"\\3yz VRuq,yRlUQf`IȢV+S%o2=\nTHq8Pu7VHνs)K\\MjqU0wj]rL@D;͌]|rO~}mAI vB}y7S!q/|R@h&BOy̻8V?!RA&[,Mchѥ*<+xl\n:2Ecx]{%!ޅ	y%6Д䱘Ӵ/UZtsSn4/\\w4К\ZҰQ^DUs@d\rh#\Zޭ~<uȳϿ֟*[JCFAlxEx+;tp#>4{;DF]Ʉ9a` UH606&2sHI^7Sߒoc;	Xʆ%,.D^^RSdщbue\n\"Q)!uP`䥑#c([\rU?eCjTɚTzgxR@\'A\n)<R?#spH8~VөxKUT\060rU/enlxq0)I?H\\՞\\.T`A	-ߎg?߷0cLT\\d\\\"t Į\'Whn|g	l7XSmCxWC4h˛Բ\0\\ѤOHW̽QjiJ$t{E؍%U;%B(ѭw38Cj֭\np~xk$PyF!/Fueuw8{T+10}%bCYTǁ\'nG/\\$*\n<$ovEK\\>\"~wTZ=ye2C,R\'Ћ}*AH\nRYGf?t3R,P҆XiQΣ\0^rC5J{iaz\Z>P\'e,u	8Xǘ5P^*tO$U<:G0Hk۷KY6K=Pz\0jPKK^rz?\n\\\\\Z)#i\0Nssi\\Zu$45\"c>b=T&ή:|.m\0֘s#yYj#!M*~ik\ZHUnἊ,d	QꟋ3²v^cT+*4T?wb|o^)5VB$Z~f6vQ[3\n6;{b8PpjEFD.s\ZFe\\/lNRF:*K+ΒVZ/fߴ\"$,oBN\n11-*Tw L$ ɹ>qhRnByN</WKP0\0`\ZpZw:Qn;-5dk\n4)\\S!Qtww6Xa\0ռ#ܝ=\0\0 \0IDAT)%QL2Rb%()Xt&DS%:W6V	ҌSV+n\n3##v@GX6Ռpp/\r`%8V@\0k\0{\nHqQri@LChą|/tлb.Ww>ߐp!1/FZmI\';Z j@T(;i1D>S$?g[5{,9\\aqʽrIް`-c#N9C|DWcI\r\rwQF]7\nrگU4}03>k`ڄlX}p6`\"40`d	Ew!D9\Z)$yı]C2?A򶟀d E*>RIӮTmzIu{#I$iP(u\\JjRE1\\Ҋx{R 5 \Zl\Zh\nH+\"\\c:)IT6LX熕\'ǻ/3^EZhB1Ɋ\rEq\n]B6MԭR\Z\nŻ@1FeQ-/Cq,n_۽!T~:H&NUq,{Fmɣi%)ՠ%Q-e-v֭Gˑ9\rȏpUJv=ߡs[6^w\nŔTxkt{c^`#d~L[l`xJCIa9\"v\\M6Ϋ8wJ)\ZL{VǼf;k6P)g|DTҠ?\"!SڱfA=H7aj`:܂4.Rr1׈dAA	.a`.fzAf =<2<\ZTA5 主\'#$@0%!:{+o>ZOɋgb`\\>EAJyÃPM-Tij~>;\0W(ڦP1fނmƺdE&V=	d)Dsag!d2@)m^0JG\n\rGjT\rzjw	6>O\ndɔM-a1>suN{^Z}cR\Z4K*%8sw8a`뉭wƸtk͈<17ҧpBI#VQbLy?fyox863@6u\'L!b ףYxFV\rl3M-~\\ᷟbp@@16UCǞ[uN{/b\ZP-.V&o`?p+P^.&9p=}M^+z~Rt8ʎF%VG[RS)w8ҹsBdXD\n)SeT>*޼`s}}j![E\0V\nhm)\\[pC\\RC\"E.~yn:@\"~]C5Ktۘ[1inuژ<*IJzc[=~C\0\"\r}ҔzbDS)˦>i`<+runQp}\'4ʃY8Ds%,(s^\Z^5kQj3\0<=i\"A:Ny}wռWIm=N[B0_\'b/y1	pp0¹H\\f7K\Z:fjyIu;~nlYBj5R #Ltji[Luj`yVSDZD$,`~%rO~.%Js}?$\r2~j]25|k[f~oA	w^z]G\n=;/6,Hr7.x.#tm/jpsU˳G83Ra	$Ҙ16|ȅX+\Z~f\\Say٢t_k{j!b>\Z.>Kf`݅G&rwFx!BM	<oM^d[tfVmL=K~8$P\'v{p\\d[S~\Z;W찡3eѤ\rLxo!h݂YݭGkxUMJ?{Wd_P#Nmͥ\"e1_00\n`L*gw\0=8h<5T0gÄnu.\ZТ˰kJ~pV2/\n؂Fy{*j,Bt:/!f?: Lܚ9=rY-w~\nɍpQ\">OsKoDsR=\"w>E;phN3@UP\"%I.G?{NȤe\"r<& /\Z#!<7JP	_@6NQ#[5%tͻ\'J9?\rت-o_K7R2ª:Y<iA\Zݻ:aC^6YW63ێ,nU^}cUQC\\F5raxOOϋ#X\Z.6e٤S.>)9-la\Z^TC,l3v}Y)+_xq̘{suvj+d,z{.jȈշ67>0udHs5X2ʉH``pAq~LaWcZ%E]b@KLt](HލpύcA?\\M\"Wj+ssN(S#P\\TnQ_?glŮwP=g$ĠyPTCS^+;9Qv(z5j \rEbSs1-\"1|s\Z;{#}t?h>7+;Yjc)(Ŝ}`e͖JI;R[kGDJ>\\}(	]D7嗯t7(Q\'3G^5~5r[wu]|찶?t=SaO	2qR7H\"p\"ߋԂeFm̓d/\0.ɒnKXF[`5ǺoCwE7).R9Г׋mrOP(	i\"SC+m0g,,`q+/8ט+Dң@ #@-{Sic<*?B}*`]7&:vOr=McJW>.d>YVk*8<|dǽiI\nTBz19`X}SblԁZ<sPY\Zi3cu,4Rݩ؊q*oIT&32l`VJQ[B	C2ǁ47&t(( ZL/W=-;=J]={8IѲ<[@9䠤˯@>Ek\\;LVU9?z}Ly>z5xΊ+:g}pI>:s\\5鳥r*F~\'īrիΘ{WGc+MQ3{T|_$(pvy5f!\'>=_=y#̖F ԫ,rEH\"H\n\")#w,Dj&oO.\r͟6ujQD&K?y˧?[v?myOi {\'B:&Ɖ=rwNjnShLoH7NGe},ET(nalw6\rg+-sxK==Fʏ\n\"in4z2:ʞ[WٵOP3J5\0+\0aߧ@4}Af+;ɠLSv\nǓ{CYiݿ%OF\Z=+GeZDM\"\"KΞ@*\ZD\Zבh87%-~MvO,3&[H@zAP	L6作b[㲡oKC1{bԠvߺSWk9U0Vh_t!\Z:|,]X=faTcqTYO.[1UL/TW9eGD)}ɹgyO[:Sosh\"H<F1#̦.3LQF|&q]_lA&oۿaH\rJ@?a!)\0yUmKmom^<PkJT_cA=`Q 0S\n9|s,FFA;iP͆\Z\r`,Xȅr;zOTV?8JH1uMF҅;]GOUj6~MAU=`0djlw[V9Cs|@o#Rd\"&Dh8..I³ຸAW)Th%WO%0Q@(})~ol0,ٯ\rE9M{0[qT,r&-oN[}\nȰۥ\\軟.+\n\0a0!d8nQ}<Q%n_z~T8fާq\0)V\0õDhE	-ehF/Z?{[m\\rfL\n!#G<yWG\nDn``4:}τґ.Lpx[T97;GXX\rm(\0 jhG\0)3f>D9]\r\'8l㫁4ԓ\0[<2\n`wH,V+9xބ1%xBycrS3ƪwh0ܨGZ@.Ci@2x=ݝġM=ԯ~1O4hZ%ʎJ\'%9. .y;H@3<\rA˰Ta&4QR頢>%V#d\"K6o`{r_ȧUg!\Z2BuQ\rL%ƫ? {Xj1H40F)E9jױ\"\\(:E2^ ̍kw<95\ZFi]x&,Ɍ|C_*T04q*ξVc+NC./xb4\n_u3ba\rW4N\'P4I{wb+pޘE;3¶gʭ\")k+ieL($IExDg%8L6RYD@0M8jLb.\0*&^mٴ#5uxgVfݽp&\"5煄N}xwr]H@ޜ<J=}j;󽈢}GtQ!\n T0Q^>|;_ۢ1\"Zc[b$gbʺbJ)P%j	[!4ǆAO\'vNz<Fp5j-:*ӈq·,h1=Vz+6%6x,6$I1.?9l;{$$PK\'\0,,Þ8J&גCdT]B=X)c#Ϩq;:FE}9?6ZO{Q]LTc gK\r/5%+{ukg=Ģ\nvD_f=.\rhJHy7ld\"|2˥8ɺR(\nO-޵\0GUsw7Ȓ&$\0DbU (\"CgTb\n/+ѴeXC`+<K%tIdqw@ #rv޻~{`G7巸?~2[,^f#V9)浫sp6O<OEDK^9ww=LN}mowp]~+bW]khIF`wwm9ݰhY}<2(\nSvr< 9lA\\n\Zό#cz<PKif2ɧ;%߰uى)r|qH?,{f\r:ft-gI9W4mb)OQlvO#ȅ*)}N>ͅg%@Axg~`QmP&hs=hbW{gƈ-Rlvz>m?56=C,(ʾs:֗痿N>藳`Fy̐6Fp:sSONSōcEzY47k06\"?\ZI`OW8\"i>D$dU6/v%Sxg(dZM] ZR8ee\nyϞbY=̥rԂ>Zaj#ĐP ]%zt$\'\'\\I#V6H1@ޝ& at.H*=ǂΉפz+IY,	j\Z49g\r9:\\:_ȴ<ŽD˼m~.T]}ZXz=2TMlЦUfxPhh7@>> %S򁔩RX\\)0ᯢX`0M))TDwLBwzBYM84@e .lR8<?Hӡ+ӕ}mS^Y?2	ajiwmQʮVͫX|^7*4ev~OC -8Hx0-+[FqvJrx,pDp]K?\ZѲ_n[oӗaI6:	ըaV\nvLfewSJu^xw}7T.{4!LcZ\'^N롲u2 S<\"putiЛ\\b!|װvt73} lgHS/~nPؓs۵hրBC*u_LT_LB\"1݌<yR9M{T)Vl|7Э055T5kAW偒\\Agi<o:tC~;?]*0Ʋ4|1x\r\"a*Zu\r_%F>fbwXxsH攈tVM,lXYŵ\0%ˠ1AjXV!lDW)O+=\\m~+Z~H\ZwM;3h(h\Z>pd,_A&c#$Fh..cwUTqlEo\Z\Z hd`.#5H!Rp\n\'#kx䩍[剴C@@ p\\`\"ǭ>(8u289]P8U&AD\rcZbF-dػ 4D2E=5CPcl#adm*B\nKI+E\rq	We?>{6ys&Ht	vRѩwYFas\02Lh*b۲2)˘C@ԭE:!|fT\\W+v\rRRfJ^R]!w<1mSTq7@@ pU,O.G1\n\0؞zH׊U#\0MKlv=ؐ\n9!Хx?4V{M#\"2u]d=j|J<0z}&\'Fq0@@A on۩wJpa\\ȕ	U,C\"W4nHG2iixH\\Gy<idZ)0tE~F6ָqTuIuDT΅T3~\ZuĽ%t^qRNTh)BPRs؝gT.Ƈ\\՟ؕlI\ruҨ\r\']W#\raCLG|E~0ߚ*.NMص+0\rqd\0:wri~H\0\0\0[IDAT4F(@<3UP7|lb1E\"]tΔD gWM{YvQ2Ќji\nUHD>4p摲Ij0$}b}C;k%GZ2!SqpNԯ?S C <tA Yq0\'b\r*RDE)ZYV/Dyfo	` b4R4(8F7pbǀ/Afh>2Mzv:RKùmx90wFUawW$h?Q/0~ԯEؖ&h\rk?d\\tGh:DETd\0rKYv/+0\'Ŵ@)\')sMW4koߙ{\0eF:`!;Pc$0~̊?)Na[\n@Gݾmq? c4#qK;CW\\T~$G.ڥ\0l\0\"BE8!2g@Q\"}f\"\ZMyܿك(05n@|k3j-!Dn/0ӽT:O׺Y}[vvi<dhsA$yl`#ݸhw0uU\rLD<=G޵8	7C+0nQl|!N\r]LVX&IVˉqxhTGÎ8\"I4$:vD|&#EJj+5IY:wb/@;%\nLw -ttQ`n[@\0 >D>lő=	\0\0\0\0IENDB`',1,'2015-05-19 19:19:32');
/*!40000 ALTER TABLE `empresa` ENABLE KEYS */;
UNLOCK TABLES;

--
-- Table structure for table `encargado`
--

DROP TABLE IF EXISTS `encargado`;
/*!40101 SET @saved_cs_client     = @@character_set_client */;
/*!40101 SET character_set_client = utf8 */;
CREATE TABLE `encargado` (
  `idEncargado` int(11) NOT NULL AUTO_INCREMENT,
  `idSucursal` int(11) DEFAULT NULL,
  `nombre` varchar(150) DEFAULT NULL,
  `apellido` varchar(150) DEFAULT NULL,
  `email` varchar(150) DEFAULT NULL,
  `celularPersonal` varchar(15) DEFAULT NULL,
  `usuario` varchar(150) DEFAULT NULL,
  `password` varchar(50) DEFAULT NULL,
  `estado` tinyint(4) DEFAULT NULL,
  PRIMARY KEY (`idEncargado`),
  KEY `fk_Encargado_Sucursal1_idx` (`idSucursal`),
  CONSTRAINT `fk_Encargado_Sucursal1` FOREIGN KEY (`idSucursal`) REFERENCES `sucursal` (`idSucursal`) ON DELETE NO ACTION ON UPDATE NO ACTION
) ENGINE=InnoDB AUTO_INCREMENT=19 DEFAULT CHARSET=utf8;
/*!40101 SET character_set_client = @saved_cs_client */;

--
-- Dumping data for table `encargado`
--

LOCK TABLES `encargado` WRITE;
/*!40000 ALTER TABLE `encargado` DISABLE KEYS */;
INSERT INTO `encargado` VALUES (17,4,'Eder','Haro','ed@gmail.com','942099015','ederm','123456',0),(18,5,'marvin','de la cruz ','marvindelarc@gmail.com','947454589','marvin','123456',0);
/*!40000 ALTER TABLE `encargado` ENABLE KEYS */;
UNLOCK TABLES;

--
-- Table structure for table `habitacion`
--

DROP TABLE IF EXISTS `habitacion`;
/*!40101 SET @saved_cs_client     = @@character_set_client */;
/*!40101 SET character_set_client = utf8 */;
CREATE TABLE `habitacion` (
  `idHabitacion` int(11) NOT NULL AUTO_INCREMENT,
  `idCostoTipoHabitacion` int(11) DEFAULT NULL,
  `numero` int(11) DEFAULT NULL,
  `piso` int(11) DEFAULT NULL,
  `estado` int(11) DEFAULT NULL,
  `vista` bit(1) DEFAULT NULL,
  PRIMARY KEY (`idHabitacion`),
  KEY `fk_Habitacion_CostoTipoHabitacion1_idx` (`idCostoTipoHabitacion`),
  CONSTRAINT `fk_Habitacion_CostoTipoHabitacion1` FOREIGN KEY (`idCostoTipoHabitacion`) REFERENCES `costotipohabitacion` (`idCostoTipoHabitacion`) ON DELETE NO ACTION ON UPDATE NO ACTION
) ENGINE=InnoDB AUTO_INCREMENT=4 DEFAULT CHARSET=utf8;
/*!40101 SET character_set_client = @saved_cs_client */;

--
-- Dumping data for table `habitacion`
--

LOCK TABLES `habitacion` WRITE;
/*!40000 ALTER TABLE `habitacion` DISABLE KEYS */;
INSERT INTO `habitacion` VALUES (1,1,2,4,1,''),(2,1,1,1,1,''),(3,1,1,2,1,'');
/*!40000 ALTER TABLE `habitacion` ENABLE KEYS */;
UNLOCK TABLES;

--
-- Table structure for table `instalacion`
--

DROP TABLE IF EXISTS `instalacion`;
/*!40101 SET @saved_cs_client     = @@character_set_client */;
/*!40101 SET character_set_client = utf8 */;
CREATE TABLE `instalacion` (
  `idInstalacion` int(11) NOT NULL AUTO_INCREMENT,
  `idServicio` int(11) DEFAULT NULL,
  `idSucursal` int(11) DEFAULT NULL,
  `descripcion` text,
  `estado` int(11) DEFAULT NULL,
  `fechaUpdate` datetime DEFAULT NULL,
  PRIMARY KEY (`idInstalacion`),
  KEY `fk_Instalacion_Servicio1_idx` (`idServicio`),
  KEY `fk_Instalacion_Sucursal1_idx` (`idSucursal`),
  CONSTRAINT `fk_Instalacion_Servicio1` FOREIGN KEY (`idServicio`) REFERENCES `servicio` (`idServicio`) ON DELETE NO ACTION ON UPDATE NO ACTION,
  CONSTRAINT `fk_Instalacion_Sucursal1` FOREIGN KEY (`idSucursal`) REFERENCES `sucursal` (`idSucursal`) ON DELETE NO ACTION ON UPDATE NO ACTION
) ENGINE=InnoDB AUTO_INCREMENT=5 DEFAULT CHARSET=utf8;
/*!40101 SET character_set_client = @saved_cs_client */;

--
-- Dumping data for table `instalacion`
--

LOCK TABLES `instalacion` WRITE;
/*!40000 ALTER TABLE `instalacion` DISABLE KEYS */;
INSERT INTO `instalacion` VALUES (1,3,4,'cancha futbol grande',1,'2015-05-19 19:19:32'),(2,2,5,'cancha tenis',1,'2015-05-19 19:19:32'),(3,1,4,'jajajjajajajjajjajajjajaja',1,'2015-05-19 19:19:32'),(4,1,5,'asdas',1,'2015-05-19 19:19:32');
/*!40000 ALTER TABLE `instalacion` ENABLE KEYS */;
UNLOCK TABLES;

--
-- Table structure for table `pago_empresa`
--

DROP TABLE IF EXISTS `pago_empresa`;
/*!40101 SET @saved_cs_client     = @@character_set_client */;
/*!40101 SET character_set_client = utf8 */;
CREATE TABLE `pago_empresa` (
  `id_pago_empresa` int(11) NOT NULL AUTO_INCREMENT,
  `id_empresa` int(11) DEFAULT NULL,
  `id_paquete` int(11) DEFAULT NULL,
  `monto` decimal(12,4) DEFAULT NULL,
  `baucher` blob,
  `fechaRegistro` datetime DEFAULT NULL,
  `fechaInicio` datetime DEFAULT NULL,
  `fechaFin` datetime DEFAULT NULL,
  `estado` tinyint(4) DEFAULT NULL,
  PRIMARY KEY (`id_pago_empresa`),
  KEY `fk_pago_paquete_idx` (`id_paquete`),
  KEY `fk_pago_empresa_idx` (`id_empresa`),
  CONSTRAINT `fk_pago_empresa` FOREIGN KEY (`id_empresa`) REFERENCES `empresa` (`idEmpresa`) ON DELETE NO ACTION ON UPDATE CASCADE,
  CONSTRAINT `fk_pago_paquete` FOREIGN KEY (`id_paquete`) REFERENCES `paquete` (`id_paquete`) ON DELETE NO ACTION ON UPDATE CASCADE
) ENGINE=InnoDB AUTO_INCREMENT=2 DEFAULT CHARSET=utf8;
/*!40101 SET character_set_client = @saved_cs_client */;

--
-- Dumping data for table `pago_empresa`
--

LOCK TABLES `pago_empresa` WRITE;
/*!40000 ALTER TABLE `pago_empresa` DISABLE KEYS */;
INSERT INTO `pago_empresa` VALUES (1,6,2,140.0200,NULL,NULL,NULL,NULL,1);
/*!40000 ALTER TABLE `pago_empresa` ENABLE KEYS */;
UNLOCK TABLES;

--
-- Table structure for table `paquete`
--

DROP TABLE IF EXISTS `paquete`;
/*!40101 SET @saved_cs_client     = @@character_set_client */;
/*!40101 SET character_set_client = utf8 */;
CREATE TABLE `paquete` (
  `id_paquete` int(11) NOT NULL AUTO_INCREMENT,
  `monto` decimal(10,2) DEFAULT NULL,
  `meses` int(11) DEFAULT NULL,
  `estado` tinyint(4) DEFAULT NULL,
  PRIMARY KEY (`id_paquete`)
) ENGINE=InnoDB AUTO_INCREMENT=7 DEFAULT CHARSET=utf8;
/*!40101 SET character_set_client = @saved_cs_client */;

--
-- Dumping data for table `paquete`
--

LOCK TABLES `paquete` WRITE;
/*!40000 ALTER TABLE `paquete` DISABLE KEYS */;
INSERT INTO `paquete` VALUES (1,50.00,4,1),(2,50.00,4,1),(3,50.22,2,1),(4,1254.00,4,1),(5,11.10,11,1),(6,50.00,2,1);
/*!40000 ALTER TABLE `paquete` ENABLE KEYS */;
UNLOCK TABLES;

--
-- Table structure for table `persona`
--

DROP TABLE IF EXISTS `persona`;
/*!40101 SET @saved_cs_client     = @@character_set_client */;
/*!40101 SET character_set_client = utf8 */;
CREATE TABLE `persona` (
  `idPersona` int(11) NOT NULL AUTO_INCREMENT,
  `nombres` varchar(200) DEFAULT NULL,
  `apellidos` varchar(200) DEFAULT NULL,
  `telefono` varchar(25) DEFAULT NULL,
  `email` varchar(150) DEFAULT NULL,
  `dni` varchar(8) DEFAULT NULL,
  `usuario` varchar(50) DEFAULT NULL,
  `password` varchar(50) DEFAULT NULL,
  `informacion` varchar(150) DEFAULT NULL,
  `puntualidad` int(11) DEFAULT NULL,
  `honrades` int(11) DEFAULT NULL,
  `educacion` int(11) DEFAULT NULL,
  `calificacion` int(11) DEFAULT NULL,
  PRIMARY KEY (`idPersona`)
) ENGINE=InnoDB AUTO_INCREMENT=2 DEFAULT CHARSET=utf8 COMMENT='		';
/*!40101 SET character_set_client = @saved_cs_client */;

--
-- Dumping data for table `persona`
--

LOCK TABLES `persona` WRITE;
/*!40000 ALTER TABLE `persona` DISABLE KEYS */;
INSERT INTO `persona` VALUES (1,'eder','chupa pigas','745845412','asa@gmil.com','22554455','marica','soygay','2',5,5,2,4);
/*!40000 ALTER TABLE `persona` ENABLE KEYS */;
UNLOCK TABLES;

--
-- Table structure for table `promociones`
--

DROP TABLE IF EXISTS `promociones`;
/*!40101 SET @saved_cs_client     = @@character_set_client */;
/*!40101 SET character_set_client = utf8 */;
CREATE TABLE `promociones` (
  `idPromociones` int(11) NOT NULL AUTO_INCREMENT,
  `dato` varchar(45) DEFAULT NULL,
  `fechaInicio` datetime DEFAULT NULL,
  `fechaFin` datetime DEFAULT NULL,
  `estado` varchar(45) DEFAULT NULL,
  `idSucursal` int(11) NOT NULL,
  PRIMARY KEY (`idPromociones`),
  KEY `fk_Promociones_Sucursal1_idx` (`idSucursal`),
  CONSTRAINT `fk_Promociones_Sucursal1` FOREIGN KEY (`idSucursal`) REFERENCES `sucursal` (`idSucursal`) ON DELETE NO ACTION ON UPDATE NO ACTION
) ENGINE=InnoDB AUTO_INCREMENT=3 DEFAULT CHARSET=utf8;
/*!40101 SET character_set_client = @saved_cs_client */;

--
-- Dumping data for table `promociones`
--

LOCK TABLES `promociones` WRITE;
/*!40000 ALTER TABLE `promociones` DISABLE KEYS */;
INSERT INTO `promociones` VALUES (1,'15% descuento habitaciones dobles',NULL,NULL,'1',4),(2,'15% descuento',NULL,NULL,'1',5);
/*!40000 ALTER TABLE `promociones` ENABLE KEYS */;
UNLOCK TABLES;

--
-- Table structure for table `provincia`
--

DROP TABLE IF EXISTS `provincia`;
/*!40101 SET @saved_cs_client     = @@character_set_client */;
/*!40101 SET character_set_client = utf8 */;
CREATE TABLE `provincia` (
  `idProvincia` int(11) NOT NULL,
  `nombre` varchar(45) DEFAULT NULL,
  `idDepartamento` int(11) NOT NULL,
  PRIMARY KEY (`idProvincia`),
  KEY `fk_Provincia_Departamento1_idx` (`idDepartamento`),
  CONSTRAINT `fk_Provincia_Departamento1` FOREIGN KEY (`idDepartamento`) REFERENCES `departamento` (`idDepartamento`) ON DELETE NO ACTION ON UPDATE NO ACTION
) ENGINE=InnoDB DEFAULT CHARSET=utf8;
/*!40101 SET character_set_client = @saved_cs_client */;

--
-- Dumping data for table `provincia`
--

LOCK TABLES `provincia` WRITE;
/*!40000 ALTER TABLE `provincia` DISABLE KEYS */;
INSERT INTO `provincia` VALUES (1,'Bagua',1),(2,'Bongará',1),(3,'Condorcanqui',1),(4,'Chachapoyas',1),(5,'Luya',1),(6,'Rodríguez de Mendoza',1),(7,'Utcubamba',1),(8,'Aija',2),(9,'Antonio Raymondi',2),(10,'Asunció',2),(11,'Bolognesi',2),(12,'Casma',2),(13,'Carhuaz',2),(14,'Carlos Fitzcarrald',2),(15,'Corongo',2),(16,'Huaraz',2),(17,'Huari',2),(18,'Huarmey',2),(19,'Huaylas',2),(20,'Mariscal Luzuriaga',2),(21,'Ocros',2),(22,'Pallasca',2),(23,'Pomabamba',2),(24,'Recuay',2),(25,'Santa',2),(26,'Sihuas',2),(27,'Yungay',2),(28,'Abancay',3),(29,'Andahuaylas',3),(30,'Antabamba',3),(31,'Aymaraes',3),(32,'Cotabambas',3),(33,'Chincheros',3),(34,'Grau',3),(35,'Arequipa',4),(36,'Caylloma',4),(37,'Camaná',4),(38,'Caravelí',4),(39,'Castilla',4),(40,'Condesuyos',4),(41,'Islay',4),(42,'La Unió',4),(43,'Cangallo',5),(44,'Huamanga',5),(45,'Huanca Sancos',5),(46,'Huanta',5),(47,'La Mar',5),(48,'Lucanas',5),(49,'Parinacochas',5),(50,'Paucar del SaraSara',5),(51,'Sucre',5),(52,'Víctor Fajardo',5),(53,'Vilcashuamá',5),(54,'Cajabamba',6),(55,'Cajamarca',6),(56,'Celendí',6),(57,'Contumazá',6),(58,'Cutervo',6),(59,'Chota',6),(60,'Hualgayoc',6),(61,'Jaé',6),(62,'San Ignacio',6),(63,'San Marcos',6),(64,'San Miguel',6),(65,'San Pablo',6),(66,'Santa Cruz',6),(67,'Acomayo',7),(68,'Anta',7),(69,'Calca',7),(70,'Canas',7),(71,'Canchis',7),(72,'Cuzco',7),(73,'Chumbivilca',7),(74,'Espinar',7),(75,'La Convenció',7),(76,'Paruro',7),(77,'Paucartambo',7),(78,'Quispicanchis',7),(79,'Urubamba',7),(80,'Acobamba',8),(81,'Angaraes',8),(82,'Castrovirreyna',8),(83,'Churcampa',8),(84,'Huancavelica',8),(85,'Huaytará',8),(86,'Tayacaja',8),(87,'Ambo',9),(88,'Dos de Mayo',9),(89,'Huacaybamba',9),(90,'Huamalíes',9),(91,'Huánuco',9),(92,'Leoncio Prado',9),(93,'Maraño',9),(94,'Pachitea',9),(95,'Puerto Inca',9),(96,'Yarowilca',9),(97,'Lauricocha',9),(98,'Chincha',10),(99,'Ica',10),(100,'Nazca',10),(101,'Palpa',10),(102,'Pisco',10),(103,'Concepció',11),(104,'Chanchamayo',11),(105,'Chupaca',11),(106,'Huancayo',11),(107,'Jauja',11),(108,'Juní',11),(109,'Satipo',11),(110,'Tarma',11),(111,'Yauli',11),(112,'Ascope',12),(113,'Bolívar',12),(114,'Chepé',12),(115,'Gran Chimú',12),(116,'Julcá',12),(117,'Otuzco',12),(118,'Pacasmayo',12),(119,'Pataz',12),(120,'Sánchez Carrió',12),(121,'Santiago de Chuco',12),(122,'Trujillo',12),(123,'Virú',12),(124,'Chiclayo',13),(125,'Ferreñafe',13),(126,'Lambayeque',13),(127,'Barranca',14),(128,'Cajatambo',14),(129,'Canta',14),(130,'Cañete',14),(131,'Huaral',14),(132,'Huarochirí',14),(133,'Huaura',14),(134,'Lima',14),(135,'Oyó',14),(136,'Yauyos',14),(137,'Prov. Const. Callao',15),(138,'Alto Amazonas',16),(139,'Loreto',16),(140,'Mariscal Castilla',16),(141,'Maynas',16),(142,'Requena',16),(143,'Ucayali',16),(144,'Manu',17),(145,'Tahuamanu',17),(146,'Tambopata',17),(147,'Ilo',18),(148,'Mariscal Nieto',18),(149,'Sánchez Cerro',18),(150,'Daniel Alcides Carrió',19),(151,'Oxapampa',19),(152,'Pasco',19),(153,'Ayabaca',20),(154,'Huancabamba',20),(155,'Morropó',20),(156,'Paita',20),(157,'Piura',20),(158,'Sechura',20),(159,'Sullana',20),(160,'Talara',20),(161,'Azángaro',21),(162,'Carabaya',21),(163,'Chucuito',21),(164,'El Collao',21),(165,'Huancané',21),(166,'Lampa',21),(167,'Melgar',21),(168,'Moho',21),(169,'San Antonio de Putina',21),(170,'San Romá',21),(171,'Sandia',21),(172,'Puno',21),(173,'Yunguyo',21),(174,'Bellavista',22),(175,'El Dorado',22),(176,'Huallaga',22),(177,'Lamas',22),(178,'Mariscal Cáceres',22),(179,'Moyobamba',22),(180,'Picota',22),(181,'Rioja',22),(182,'San Martí',22),(183,'Tocache',22),(184,'Candarave',23),(185,'Jorge Basadre',23),(186,'Tacna',23),(187,'Tarata',23),(188,'Contralmirante Villar',24),(189,'Tumbes',24),(190,'Zarumilla',24),(191,'Atalaya',25),(192,'Coronel Portillo',25),(193,'Padre Abad',25),(194,'Purús',25);
/*!40000 ALTER TABLE `provincia` ENABLE KEYS */;
UNLOCK TABLES;

--
-- Table structure for table `puntuacionhotel`
--

DROP TABLE IF EXISTS `puntuacionhotel`;
/*!40101 SET @saved_cs_client     = @@character_set_client */;
/*!40101 SET character_set_client = utf8 */;
CREATE TABLE `puntuacionhotel` (
  `idPuntuacionHotel` int(11) NOT NULL AUTO_INCREMENT,
  `idReserva` int(11) DEFAULT NULL,
  `limpieza` int(11) DEFAULT NULL,
  `servicio` int(11) DEFAULT NULL,
  `comodidad` int(11) DEFAULT NULL,
  `fecha` datetime DEFAULT NULL,
  PRIMARY KEY (`idPuntuacionHotel`),
  KEY `fk_Puntuacion_Reserva1_idx` (`idReserva`),
  CONSTRAINT `fk_Puntuacion_Reserva1` FOREIGN KEY (`idReserva`) REFERENCES `reserva` (`idReserva`) ON DELETE NO ACTION ON UPDATE NO ACTION
) ENGINE=InnoDB DEFAULT CHARSET=utf8;
/*!40101 SET character_set_client = @saved_cs_client */;

--
-- Dumping data for table `puntuacionhotel`
--

LOCK TABLES `puntuacionhotel` WRITE;
/*!40000 ALTER TABLE `puntuacionhotel` DISABLE KEYS */;
/*!40000 ALTER TABLE `puntuacionhotel` ENABLE KEYS */;
UNLOCK TABLES;

--
-- Table structure for table `puntuacionusuario`
--

DROP TABLE IF EXISTS `puntuacionusuario`;
/*!40101 SET @saved_cs_client     = @@character_set_client */;
/*!40101 SET character_set_client = utf8 */;
CREATE TABLE `puntuacionusuario` (
  `idPuntuacionUsuario` int(11) NOT NULL AUTO_INCREMENT,
  `puntualidad` int(11) DEFAULT NULL,
  `honrades` int(11) DEFAULT NULL,
  `educacion` int(11) DEFAULT NULL,
  `fecha` datetime DEFAULT NULL,
  `idReserva` int(11) NOT NULL,
  PRIMARY KEY (`idPuntuacionUsuario`),
  KEY `fk_CalificacionUsuario_Reserva1_idx` (`idReserva`),
  CONSTRAINT `fk_CalificacionUsuario_Reserva1` FOREIGN KEY (`idReserva`) REFERENCES `reserva` (`idReserva`) ON DELETE NO ACTION ON UPDATE CASCADE
) ENGINE=InnoDB DEFAULT CHARSET=utf8;
/*!40101 SET character_set_client = @saved_cs_client */;

--
-- Dumping data for table `puntuacionusuario`
--

LOCK TABLES `puntuacionusuario` WRITE;
/*!40000 ALTER TABLE `puntuacionusuario` DISABLE KEYS */;
/*!40000 ALTER TABLE `puntuacionusuario` ENABLE KEYS */;
UNLOCK TABLES;

--
-- Table structure for table `reserva`
--

DROP TABLE IF EXISTS `reserva`;
/*!40101 SET @saved_cs_client     = @@character_set_client */;
/*!40101 SET character_set_client = utf8 */;
CREATE TABLE `reserva` (
  `idReserva` int(11) NOT NULL AUTO_INCREMENT,
  `idPersona` int(11) DEFAULT NULL,
  `idSucursal` int(11) DEFAULT NULL,
  `fechaRegistro` datetime DEFAULT NULL,
  `estado` int(11) DEFAULT NULL,
  PRIMARY KEY (`idReserva`),
  KEY `fk_Reserva_Persona1_idx` (`idPersona`),
  KEY `fk_Reserva_Sucursal1_idx` (`idSucursal`),
  CONSTRAINT `fk_Reserva_Persona1` FOREIGN KEY (`idPersona`) REFERENCES `persona` (`idPersona`) ON DELETE NO ACTION ON UPDATE NO ACTION,
  CONSTRAINT `fk_Reserva_Sucursal1` FOREIGN KEY (`idSucursal`) REFERENCES `sucursal` (`idSucursal`) ON DELETE NO ACTION ON UPDATE NO ACTION
) ENGINE=InnoDB DEFAULT CHARSET=utf8;
/*!40101 SET character_set_client = @saved_cs_client */;

--
-- Dumping data for table `reserva`
--

LOCK TABLES `reserva` WRITE;
/*!40000 ALTER TABLE `reserva` DISABLE KEYS */;
/*!40000 ALTER TABLE `reserva` ENABLE KEYS */;
UNLOCK TABLES;

--
-- Table structure for table `servicio`
--

DROP TABLE IF EXISTS `servicio`;
/*!40101 SET @saved_cs_client     = @@character_set_client */;
/*!40101 SET character_set_client = utf8 */;
CREATE TABLE `servicio` (
  `idServicio` int(11) NOT NULL AUTO_INCREMENT,
  `nombre` varchar(150) DEFAULT NULL,
  `estado` int(11) DEFAULT NULL,
  `fechaUpdate` datetime DEFAULT NULL,
  PRIMARY KEY (`idServicio`)
) ENGINE=InnoDB AUTO_INCREMENT=4 DEFAULT CHARSET=utf8;
/*!40101 SET character_set_client = @saved_cs_client */;

--
-- Dumping data for table `servicio`
--

LOCK TABLES `servicio` WRITE;
/*!40000 ALTER TABLE `servicio` DISABLE KEYS */;
INSERT INTO `servicio` VALUES (1,'sauna',1,'2015-05-19 19:19:32'),(2,'piscina',1,'2015-05-19 19:19:32'),(3,'casino',1,'2015-05-19 19:19:32');
/*!40000 ALTER TABLE `servicio` ENABLE KEYS */;
UNLOCK TABLES;

--
-- Table structure for table `sucursal`
--

DROP TABLE IF EXISTS `sucursal`;
/*!40101 SET @saved_cs_client     = @@character_set_client */;
/*!40101 SET character_set_client = utf8 */;
CREATE TABLE `sucursal` (
  `idSucursal` int(11) NOT NULL AUTO_INCREMENT,
  `idEmpresa` int(11) DEFAULT NULL,
  `idDistrito` int(11) DEFAULT NULL,
  `direccion` varchar(150) DEFAULT NULL,
  `pisos` int(11) DEFAULT NULL,
  `telefono` varchar(25) DEFAULT NULL,
  `longitud` decimal(18,10) DEFAULT NULL,
  `latitud` decimal(18,10) DEFAULT NULL,
  `limpieza` int(11) DEFAULT NULL,
  `servicio` int(11) DEFAULT NULL,
  `comodidad` int(11) DEFAULT NULL,
  `puntuacion` int(11) DEFAULT NULL,
  `nivel` int(11) DEFAULT NULL,
  `entrada` varchar(200) DEFAULT NULL,
  `salida` varchar(10) DEFAULT NULL,
  `fecha` datetime DEFAULT NULL,
  `estado` int(11) DEFAULT NULL,
  `fechaUpdate` datetime DEFAULT NULL,
  PRIMARY KEY (`idSucursal`),
  KEY `fk_Sucursal_Distrito1_idx` (`idDistrito`),
  KEY `fk_Sucursal_Empresa1_idx` (`idEmpresa`),
  CONSTRAINT `fk_Sucursal_Distrito1` FOREIGN KEY (`idDistrito`) REFERENCES `distrito` (`idDistrito`) ON DELETE NO ACTION ON UPDATE NO ACTION,
  CONSTRAINT `fk_Sucursal_Empresa1` FOREIGN KEY (`idEmpresa`) REFERENCES `empresa` (`idEmpresa`) ON DELETE NO ACTION ON UPDATE NO ACTION
) ENGINE=InnoDB AUTO_INCREMENT=6 DEFAULT CHARSET=utf8;
/*!40101 SET character_set_client = @saved_cs_client */;

--
-- Dumping data for table `sucursal`
--

LOCK TABLES `sucursal` WRITE;
/*!40000 ALTER TABLE `sucursal` DISABLE KEYS */;
INSERT INTO `sucursal` VALUES (4,6,1192,'scs',4,'044470117',-79.0069420000,-8.1093920000,0,0,0,0,3,'las 24 horas',NULL,'2015-05-19 19:19:32',1,'2015-05-19 19:19:32'),(5,7,1192,'sdsddsd',5,'044224455',-79.0238510000,-8.1185690000,0,0,0,0,4,'24 hrs.',NULL,'2015-05-19 19:46:37',1,'2015-05-19 19:19:32');
/*!40000 ALTER TABLE `sucursal` ENABLE KEYS */;
UNLOCK TABLES;

--
-- Table structure for table `tipohabitacion`
--

DROP TABLE IF EXISTS `tipohabitacion`;
/*!40101 SET @saved_cs_client     = @@character_set_client */;
/*!40101 SET character_set_client = utf8 */;
CREATE TABLE `tipohabitacion` (
  `idTipoHabitacion` int(11) NOT NULL AUTO_INCREMENT,
  `nombreComercial` varchar(150) DEFAULT NULL,
  `estado` int(11) DEFAULT NULL,
  PRIMARY KEY (`idTipoHabitacion`)
) ENGINE=InnoDB AUTO_INCREMENT=8 DEFAULT CHARSET=utf8;
/*!40101 SET character_set_client = @saved_cs_client */;

--
-- Dumping data for table `tipohabitacion`
--

LOCK TABLES `tipohabitacion` WRITE;
/*!40000 ALTER TABLE `tipohabitacion` DISABLE KEYS */;
INSERT INTO `tipohabitacion` VALUES (1,'Simple',1),(2,'Familiar',1),(3,'Triple',1),(4,'Matrimonial',1),(5,'sadasd',1),(6,'Hambiental',1),(7,'doble',1);
/*!40000 ALTER TABLE `tipohabitacion` ENABLE KEYS */;
UNLOCK TABLES;

--
-- Table structure for table `webadmin`
--

DROP TABLE IF EXISTS `webadmin`;
/*!40101 SET @saved_cs_client     = @@character_set_client */;
/*!40101 SET character_set_client = utf8 */;
CREATE TABLE `webadmin` (
  `idWebAdmin` int(11) NOT NULL AUTO_INCREMENT,
  `nombre` varchar(200) DEFAULT NULL,
  `apellido` varchar(200) DEFAULT NULL,
  `usuario` varchar(50) DEFAULT NULL,
  `password` varchar(50) DEFAULT NULL,
  `nivel` int(11) DEFAULT NULL,
  `email` varchar(150) DEFAULT NULL,
  `estado` int(11) DEFAULT NULL,
  PRIMARY KEY (`idWebAdmin`)
) ENGINE=InnoDB AUTO_INCREMENT=2 DEFAULT CHARSET=utf8;
/*!40101 SET character_set_client = @saved_cs_client */;

--
-- Dumping data for table `webadmin`
--

LOCK TABLES `webadmin` WRITE;
/*!40000 ALTER TABLE `webadmin` DISABLE KEYS */;
INSERT INTO `webadmin` VALUES (1,'marivn','de la cruz','mdlcr','m456',1,'m@dj.ca',1);
/*!40000 ALTER TABLE `webadmin` ENABLE KEYS */;
UNLOCK TABLES;
/*!40103 SET TIME_ZONE=@OLD_TIME_ZONE */;

/*!40101 SET SQL_MODE=@OLD_SQL_MODE */;
/*!40014 SET FOREIGN_KEY_CHECKS=@OLD_FOREIGN_KEY_CHECKS */;
/*!40014 SET UNIQUE_CHECKS=@OLD_UNIQUE_CHECKS */;
/*!40101 SET CHARACTER_SET_CLIENT=@OLD_CHARACTER_SET_CLIENT */;
/*!40101 SET CHARACTER_SET_RESULTS=@OLD_CHARACTER_SET_RESULTS */;
/*!40101 SET COLLATION_CONNECTION=@OLD_COLLATION_CONNECTION */;
/*!40111 SET SQL_NOTES=@OLD_SQL_NOTES */;

-- Dump completed on 2015-07-28 16:19:10
